observation_date,CUSR0000SEHC
1983-01-01,100.600
1983-02-01,100.900
1983-03-01,100.900
1983-04-01,101.900
1983-05-01,102.100
1983-06-01,102.400
1983-07-01,102.800
1983-08-01,103.000
1983-09-01,103.400
1983-10-01,103.600
1983-11-01,104.000
1983-12-01,104.400
1984-01-01,104.700
1984-02-01,105.100
1984-03-01,105.600
1984-04-01,106.400
1984-05-01,106.600
1984-06-01,107.000
1984-07-01,107.800
1984-08-01,108.100
1984-09-01,108.600
1984-10-01,108.900
1984-11-01,109.200
1984-12-01,109.700
1985-01-01,110.000
1985-02-01,110.800
1985-03-01,111.100
1985-04-01,111.300
1985-05-01,112.600
1985-06-01,113.000
1985-07-01,113.500
1985-08-01,114.300
1985-09-01,114.500
1985-10-01,114.800
1985-11-01,115.700
1985-12-01,116.200
1986-01-01,116.800
1986-02-01,117.100
1986-03-01,118.100
1986-04-01,118.700
1986-05-01,118.900
1986-06-01,119.300
1986-07-01,119.500
1986-08-01,119.900
1986-09-01,120.500
1986-10-01,121.000
1986-11-01,121.300
1986-12-01,121.500
1987-01-01,121.900
1987-02-01,122.500
1987-03-01,123.100
1987-04-01,123.900
1987-05-01,124.400
1987-06-01,124.600
1987-07-01,124.600
1987-08-01,125.400
1987-09-01,125.800
1987-10-01,126.800
1987-11-01,127.100
1987-12-01,127.800
1988-01-01,128.500
1988-02-01,129.000
1988-03-01,129.400
1988-04-01,129.800
1988-05-01,130.200
1988-06-01,130.800
1988-07-01,131.300
1988-08-01,131.900
1988-09-01,132.500
1988-10-01,132.700
1988-11-01,133.500
1988-12-01,133.900
1989-01-01,134.400
1989-02-01,134.800
1989-03-01,135.300
1989-04-01,135.800
1989-05-01,136.500
1989-06-01,136.900
1989-07-01,137.500
1989-08-01,138.200
1989-09-01,138.700
1989-10-01,139.600
1989-11-01,140.100
1989-12-01,140.800
1990-01-01,141.100
1990-02-01,141.200
1990-03-01,142.600
1990-04-01,143.100
1990-05-01,143.500
1990-06-01,144.900
1990-07-01,145.700
1990-08-01,146.700
1990-09-01,147.000
1990-10-01,147.200
1990-11-01,147.100
1990-12-01,147.600
1991-01-01,148.100
1991-02-01,148.600
1991-03-01,148.800
1991-04-01,149.300
1991-05-01,149.700
1991-06-01,150.100
1991-07-01,150.500
1991-08-01,150.800
1991-09-01,151.400
1991-10-01,152.000
1991-11-01,152.600
1991-12-01,153.200
1992-01-01,153.500
1992-02-01,153.800
1992-03-01,154.400
1992-04-01,154.600
1992-05-01,154.900
1992-06-01,155.400
1992-07-01,155.700
1992-08-01,156.100
1992-09-01,156.000
1992-10-01,156.800
1992-11-01,157.300
1992-12-01,157.700
1993-01-01,158.500
1993-02-01,158.800
1993-03-01,159.000
1993-04-01,159.700
1993-05-01,160.000
1993-06-01,160.600
1993-07-01,160.700
1993-08-01,161.100
1993-09-01,161.400
1993-10-01,161.700
1993-11-01,162.100
1993-12-01,162.700
1994-01-01,163.100
1994-02-01,163.900
1994-03-01,164.500
1994-04-01,164.700
1994-05-01,165.100
1994-06-01,165.300
1994-07-01,165.600
1994-08-01,166.500
1994-09-01,167.100
1994-10-01,167.600
1994-11-01,168.000
1994-12-01,168.000
1995-01-01,168.600
1995-02-01,169.000
1995-03-01,169.500
1995-04-01,170.000
1995-05-01,170.600
1995-06-01,171.100
1995-07-01,171.500
1995-08-01,172.000
1995-09-01,172.500
1995-10-01,173.200
1995-11-01,173.700
1995-12-01,174.200
1996-01-01,174.600
1996-02-01,174.900
1996-03-01,175.400
1996-04-01,175.700
1996-05-01,176.200
1996-06-01,176.500
1996-07-01,177.000
1996-08-01,177.400
1996-09-01,177.800
1996-10-01,178.200
1996-11-01,178.600
1996-12-01,178.900
1997-01-01,179.400
1997-02-01,179.900
1997-03-01,180.200
1997-04-01,180.700
1997-05-01,181.200
1997-06-01,181.600
1997-07-01,182.200
1997-08-01,182.700
1997-09-01,183.100
1997-10-01,183.400
1997-11-01,184.000
1997-12-01,184.500
1998-01-01,185.000
1998-02-01,185.400
1998-03-01,186.000
1998-04-01,186.500
1998-05-01,187.000
1998-06-01,187.600
1998-07-01,188.100
1998-08-01,188.600
1998-09-01,189.100
1998-10-01,189.700
1998-11-01,190.100
1998-12-01,190.500
1999-01-01,190.900
1999-02-01,191.200
1999-03-01,191.600
1999-04-01,192.000
1999-05-01,192.400
1999-06-01,192.700
1999-07-01,193.100
1999-08-01,193.500
1999-09-01,193.900
1999-10-01,194.200
1999-11-01,194.700
1999-12-01,195.000
2000-01-01,196.000
2000-02-01,196.500
2000-03-01,196.900
2000-04-01,197.300
2000-05-01,197.800
2000-06-01,198.400
2000-07-01,198.800
2000-08-01,199.300
2000-09-01,199.900
2000-10-01,200.500
2000-11-01,201.000
2000-12-01,201.600
2001-01-01,202.200
2001-02-01,202.800
2001-03-01,203.600
2001-04-01,204.300
2001-05-01,205.100
2001-06-01,205.900
2001-07-01,206.500
2001-08-01,207.400
2001-09-01,208.100
2001-10-01,209.000
2001-11-01,209.900
2001-12-01,210.700
2002-01-01,211.400
2002-02-01,212.000
2002-03-01,212.700
2002-04-01,213.400
2002-05-01,213.900
2002-06-01,214.500
2002-07-01,215.100
2002-08-01,215.500
2002-09-01,216.200
2002-10-01,216.700
2002-11-01,217.200
2002-12-01,217.700
2003-01-01,218.300
2003-02-01,218.600
2003-03-01,218.900
2003-04-01,219.000
2003-05-01,219.300
2003-06-01,219.300
2003-07-01,219.800
2003-08-01,220.200
2003-09-01,220.700
2003-10-01,221.300
2003-11-01,221.800
2003-12-01,222.000
2004-01-01,222.400
2004-02-01,222.800
2004-03-01,223.300
2004-04-01,224.000
2004-05-01,224.400
2004-06-01,224.900
2004-07-01,225.300
2004-08-01,225.800
2004-09-01,226.100
2004-10-01,226.400
2004-11-01,226.700
2004-12-01,227.100
2005-01-01,227.700
2005-02-01,228.300
2005-03-01,228.700
2005-04-01,229.000
2005-05-01,229.500
2005-06-01,229.800
2005-07-01,230.300
2005-08-01,230.700
2005-09-01,231.200
2005-10-01,231.600
2005-11-01,232.200
2005-12-01,232.700
2006-01-01,233.400
2006-02-01,234.100
2006-03-01,234.900
2006-04-01,235.800
2006-05-01,236.900
2006-06-01,238.000
2006-07-01,238.900
2006-08-01,239.700
2006-09-01,240.400
2006-10-01,241.300
2006-11-01,242.000
2006-12-01,242.700
2007-01-01,243.345
2007-02-01,244.020
2007-03-01,244.602
2007-04-01,244.993
2007-05-01,245.236
2007-06-01,245.690
2007-07-01,246.149
2007-08-01,246.815
2007-09-01,247.487
2007-10-01,248.075
2007-11-01,248.876
2007-12-01,249.532
2008-01-01,250.013
2008-02-01,250.419
2008-03-01,250.899
2008-04-01,251.408
2008-05-01,251.677
2008-06-01,252.229
2008-07-01,252.620
2008-08-01,252.992
2008-09-01,253.572
2008-10-01,253.936
2008-11-01,254.600
2008-12-01,254.772
2009-01-01,255.330
2009-02-01,255.657
2009-03-01,256.229
2009-04-01,256.603
2009-05-01,257.030
2009-06-01,257.073
2009-07-01,257.045
2009-08-01,257.248
2009-09-01,256.958
2009-10-01,256.920
2009-11-01,256.616
2009-12-01,256.598
2010-01-01,256.425
2010-02-01,256.373
2010-03-01,256.185
2010-04-01,256.152
2010-05-01,256.302
2010-06-01,256.447
2010-07-01,256.552
2010-08-01,256.574
2010-09-01,256.686
2010-10-01,256.833
2010-11-01,257.110
2010-12-01,257.334
2011-01-01,257.620
2011-02-01,257.985
2011-03-01,258.207
2011-04-01,258.436
2011-05-01,258.730
2011-06-01,259.128
2011-07-01,259.712
2011-08-01,260.211
2011-09-01,260.520
2011-10-01,261.005
2011-11-01,261.386
2011-12-01,261.874
2012-01-01,262.366
2012-02-01,262.722
2012-03-01,263.286
2012-04-01,263.871
2012-05-01,264.202
2012-06-01,264.477
2012-07-01,264.900
2012-08-01,265.440
2012-09-01,266.029
2012-10-01,266.495
2012-11-01,266.921
2012-12-01,267.333
2013-01-01,267.787
2013-02-01,268.325
2013-03-01,268.758
2013-04-01,269.314
2013-05-01,269.825
2013-06-01,270.366
2013-07-01,270.758
2013-08-01,271.415
2013-09-01,271.927
2013-10-01,272.520
2013-11-01,273.211
2013-12-01,273.957
2014-01-01,274.535
2014-02-01,275.131
2014-03-01,275.799
2014-04-01,276.381
2014-05-01,276.957
2014-06-01,277.490
2014-07-01,278.129
2014-08-01,278.694
2014-09-01,279.278
2014-10-01,279.905
2014-11-01,280.565
2014-12-01,281.063
2015-01-01,281.777
2015-02-01,282.535
2015-03-01,283.270
2015-04-01,284.061
2015-05-01,284.712
2015-06-01,285.668
2015-07-01,286.463
2015-08-01,287.106
2015-09-01,287.882
2015-10-01,288.538
2015-11-01,289.169
2015-12-01,289.883
2016-01-01,290.694
2016-02-01,291.450
2016-03-01,292.144
2016-04-01,293.006
2016-05-01,294.009
2016-06-01,294.913
2016-07-01,295.753
2016-08-01,296.567
2016-09-01,297.625
2016-10-01,298.494
2016-11-01,299.459
2016-12-01,300.275
2017-01-01,300.984
2017-02-01,301.751
2017-03-01,302.365
2017-04-01,302.962
2017-05-01,303.615
2017-06-01,304.437
2017-07-01,305.221
2017-08-01,306.229
2017-09-01,307.061
2017-10-01,308.001
2017-11-01,308.790
2017-12-01,309.822
2018-01-01,310.637
2018-02-01,311.213
2018-03-01,312.207
2018-04-01,313.169
2018-05-01,313.968
2018-06-01,314.670
2018-07-01,315.576
2018-08-01,316.436
2018-09-01,317.115
2018-10-01,318.018
2018-11-01,319.011
2018-12-01,319.777
2019-01-01,320.571
2019-02-01,321.560
2019-03-01,322.538
2019-04-01,323.616
2019-05-01,324.449
2019-06-01,325.418
2019-07-01,326.218
2019-08-01,327.043
2019-09-01,327.953
2019-10-01,328.581
2019-11-01,329.440
2019-12-01,330.255
2020-01-01,331.327
2020-02-01,332.056
2020-03-01,332.877
2020-04-01,333.532
2020-05-01,334.293
2020-06-01,334.617
2020-07-01,335.334
2020-08-01,335.891
2020-09-01,336.126
2020-10-01,336.841
2020-11-01,336.982
2020-12-01,337.456
2021-01-01,337.954
2021-02-01,338.780
2021-03-01,339.559
2021-04-01,340.371
2021-05-01,341.339
2021-06-01,342.479
2021-07-01,343.510
2021-08-01,344.400
2021-09-01,345.833
2021-10-01,347.414
2021-11-01,348.902
2021-12-01,350.281
2022-01-01,351.723
2022-02-01,353.327
2022-03-01,354.948
2022-04-01,356.680
2022-05-01,358.746
2022-06-01,361.281
2022-07-01,363.586
2022-08-01,366.085
2022-09-01,368.911
2022-10-01,371.331
2022-11-01,373.785
2022-12-01,376.638
2023-01-01,378.987
2023-02-01,381.630
2023-03-01,383.473
2023-04-01,385.629
2023-05-01,387.629
2023-06-01,389.533
2023-07-01,391.463
2023-08-01,392.889
2023-09-01,394.979
2023-10-01,396.753
2023-11-01,398.791
2023-12-01,400.545
2024-01-01,402.591
2024-02-01,404.441
2024-03-01,406.121
2024-04-01,407.788
2024-05-01,409.530
2024-06-01,410.765
2024-07-01,412.240
2024-08-01,414.013
2024-09-01,415.507
2024-10-01,417.356
2024-11-01,418.447
2024-12-01,419.793
2025-01-01,421.094
2025-02-01,422.360
2025-03-01,423.921
2025-04-01,425.341
2025-05-01,426.530
2025-06-01,427.833
2025-07-01,429.015
2025-08-01,430.456
2025-09-01,431.132
2025-10-01,
2025-11-01,432.524
2025-12-01,433.884
2026-01-01,434.837
2026-02-01,435.813
2026-03-01,437.051
2026-04-01,439.379
2026-05-01,440.683
2026-06-01,441.741
