observation_date,CUSR0000SEFJ
1989-01-01,111.600
1989-02-01,112.500
1989-03-01,113.300
1989-04-01,114.200
1989-05-01,114.200
1989-06-01,114.600
1989-07-01,115.100
1989-08-01,115.200
1989-09-01,116.400
1989-10-01,118.000
1989-11-01,119.900
1989-12-01,122.200
1990-01-01,124.500
1990-02-01,125.900
1990-03-01,126.100
1990-04-01,125.500
1990-05-01,125.300
1990-06-01,126.100
1990-07-01,126.900
1990-08-01,127.800
1990-09-01,127.800
1990-10-01,128.300
1990-11-01,127.800
1990-12-01,125.900
1991-01-01,123.900
1991-02-01,124.500
1991-03-01,124.400
1991-04-01,124.900
1991-05-01,125.300
1991-06-01,125.000
1991-07-01,124.900
1991-08-01,124.700
1991-09-01,125.300
1991-10-01,125.300
1991-11-01,126.000
1991-12-01,126.800
1992-01-01,128.200
1992-02-01,128.100
1992-03-01,127.800
1992-04-01,127.400
1992-05-01,127.000
1992-06-01,127.800
1992-07-01,128.300
1992-08-01,129.200
1992-09-01,129.700
1992-10-01,130.100
1992-11-01,129.400
1992-12-01,129.100
1993-01-01,129.500
1993-02-01,128.800
1993-03-01,128.800
1993-04-01,128.000
1993-05-01,128.000
1993-06-01,129.800
1993-07-01,130.200
1993-08-01,130.500
1993-09-01,129.600
1993-10-01,129.500
1993-11-01,129.500
1993-12-01,130.200
1994-01-01,131.600
1994-02-01,131.800
1994-03-01,131.800
1994-04-01,131.800
1994-05-01,132.000
1994-06-01,132.200
1994-07-01,131.800
1994-08-01,131.800
1994-09-01,131.300
1994-10-01,131.500
1994-11-01,131.700
1994-12-01,131.600
1995-01-01,132.700
1995-02-01,132.100
1995-03-01,132.200
1995-04-01,132.100
1995-05-01,132.800
1995-06-01,132.200
1995-07-01,132.900
1995-08-01,132.800
1995-09-01,132.300
1995-10-01,133.200
1995-11-01,133.700
1995-12-01,135.000
1996-01-01,136.300
1996-02-01,137.200
1996-03-01,136.700
1996-04-01,137.000
1996-05-01,137.600
1996-06-01,139.800
1996-07-01,142.000
1996-08-01,144.600
1996-09-01,146.700
1996-10-01,149.300
1996-11-01,149.300
1996-12-01,148.600
1997-01-01,147.800
1997-02-01,146.200
1997-03-01,146.100
1997-04-01,145.700
1997-05-01,145.400
1997-06-01,144.100
1997-07-01,143.300
1997-08-01,143.400
1997-09-01,143.500
1997-10-01,145.700
1997-11-01,147.000
1997-12-01,147.800
1998-01-01,148.300
1998-02-01,147.700
1998-03-01,148.400
1998-04-01,148.500
1998-05-01,148.100
1998-06-01,148.100
1998-07-01,148.200
1998-08-01,150.500
1998-09-01,152.900
1998-10-01,155.000
1998-11-01,155.900
1998-12-01,157.600
1999-01-01,159.700
1999-02-01,161.700
1999-03-01,161.600
1999-04-01,156.800
1999-05-01,157.000
1999-06-01,157.300
1999-07-01,157.100
1999-08-01,157.300
1999-09-01,158.500
1999-10-01,163.100
1999-11-01,163.600
1999-12-01,161.200
2000-01-01,158.900
2000-02-01,160.300
2000-03-01,159.300
2000-04-01,161.000
2000-05-01,160.400
2000-06-01,160.700
2000-07-01,161.900
2000-08-01,161.600
2000-09-01,161.300
2000-10-01,160.700
2000-11-01,160.500
2000-12-01,160.900
2001-01-01,163.100
2001-02-01,163.100
2001-03-01,163.500
2001-04-01,164.100
2001-05-01,165.500
2001-06-01,168.000
2001-07-01,168.800
2001-08-01,169.200
2001-09-01,169.100
2001-10-01,169.700
2001-11-01,170.500
2001-12-01,170.100
2002-01-01,170.100
2002-02-01,169.700
2002-03-01,169.700
2002-04-01,169.400
2002-05-01,169.600
2002-06-01,169.100
2002-07-01,167.800
2002-08-01,167.200
2002-09-01,166.100
2002-10-01,165.600
2002-11-01,166.500
2002-12-01,166.500
2003-01-01,165.900
2003-02-01,166.700
2003-03-01,167.200
2003-04-01,166.400
2003-05-01,165.800
2003-06-01,165.400
2003-07-01,165.000
2003-08-01,167.600
2003-09-01,170.400
2003-10-01,171.000
2003-11-01,170.800
2003-12-01,172.300
2004-01-01,172.400
2004-02-01,172.100
2004-03-01,171.900
2004-04-01,174.000
2004-05-01,185.900
2004-06-01,188.800
2004-07-01,187.700
2004-08-01,184.900
2004-09-01,181.600
2004-10-01,182.100
2004-11-01,180.900
2004-12-01,180.100
2005-01-01,183.300
2005-02-01,181.800
2005-03-01,181.400
2005-04-01,182.200
2005-05-01,183.300
2005-06-01,181.000
2005-07-01,181.600
2005-08-01,182.900
2005-09-01,181.800
2005-10-01,182.600
2005-11-01,183.500
2005-12-01,183.200
2006-01-01,183.700
2006-02-01,183.400
2006-03-01,183.000
2006-04-01,181.300
2006-05-01,181.000
2006-06-01,179.600
2006-07-01,180.800
2006-08-01,180.000
2006-09-01,179.900
2006-10-01,182.000
2006-11-01,180.600
2006-12-01,181.000
2007-01-01,183.453
2007-02-01,183.779
2007-03-01,185.724
2007-04-01,185.821
2007-05-01,187.266
2007-06-01,191.435
2007-07-01,197.899
2007-08-01,201.739
2007-09-01,203.541
2007-10-01,205.319
2007-11-01,205.959
2007-12-01,205.299
2008-01-01,206.905
2008-02-01,208.166
2008-03-01,206.171
2008-04-01,207.680
2008-05-01,207.778
2008-06-01,209.117
2008-07-01,213.981
2008-08-01,214.748
2008-09-01,213.533
2008-10-01,212.733
2008-11-01,213.102
2008-12-01,210.838
2009-01-01,209.632
2009-02-01,204.537
2009-03-01,199.687
2009-04-01,197.124
2009-05-01,196.055
2009-06-01,194.197
2009-07-01,193.118
2009-08-01,192.381
2009-09-01,193.353
2009-10-01,195.360
2009-11-01,193.914
2009-12-01,194.792
2010-01-01,198.949
2010-02-01,198.800
2010-03-01,198.814
2010-04-01,197.308
2010-05-01,197.749
2010-06-01,197.947
2010-07-01,198.991
2010-08-01,198.712
2010-09-01,199.042
2010-10-01,201.291
2010-11-01,201.277
2010-12-01,202.056
2011-01-01,200.678
2011-02-01,202.523
2011-03-01,205.695
2011-04-01,210.435
2011-05-01,212.226
2011-06-01,213.636
2011-07-01,215.861
2011-08-01,217.638
2011-09-01,219.742
2011-10-01,218.797
2011-11-01,218.135
2011-12-01,217.743
2012-01-01,218.318
2012-02-01,218.122
2012-03-01,218.247
2012-04-01,217.233
2012-05-01,216.962
2012-06-01,216.940
2012-07-01,215.932
2012-08-01,215.676
2012-09-01,215.791
2012-10-01,216.551
2012-11-01,218.228
2012-12-01,218.551
2013-01-01,218.351
2013-02-01,218.484
2013-03-01,217.410
2013-04-01,218.414
2013-05-01,217.441
2013-06-01,217.815
2013-07-01,217.569
2013-08-01,217.825
2013-09-01,217.279
2013-10-01,215.837
2013-11-01,216.610
2013-12-01,217.315
2014-01-01,217.638
2014-02-01,220.217
2014-03-01,222.743
2014-04-01,224.600
2014-05-01,226.944
2014-06-01,226.764
2014-07-01,226.831
2014-08-01,227.199
2014-09-01,227.194
2014-10-01,227.642
2014-11-01,227.401
2014-12-01,228.748
2015-01-01,226.065
2015-02-01,224.929
2015-03-01,224.214
2015-04-01,222.912
2015-05-01,222.333
2015-06-01,221.849
2015-07-01,222.965
2015-08-01,221.436
2015-09-01,221.947
2015-10-01,220.736
2015-11-01,219.848
2015-12-01,219.897
2016-01-01,219.359
2016-02-01,219.126
2016-03-01,217.770
2016-04-01,218.297
2016-05-01,217.117
2016-06-01,216.471
2016-07-01,216.112
2016-08-01,216.020
2016-09-01,216.501
2016-10-01,217.392
2016-11-01,216.479
2016-12-01,217.100
2017-01-01,218.351
2017-02-01,220.167
2017-03-01,218.236
2017-04-01,217.821
2017-05-01,217.826
2017-06-01,216.676
2017-07-01,217.766
2017-08-01,217.080
2017-09-01,216.371
2017-10-01,216.341
2017-11-01,216.678
2017-12-01,216.172
2018-01-01,216.779
2018-02-01,216.262
2018-03-01,216.295
2018-04-01,216.617
2018-05-01,216.090
2018-06-01,216.869
2018-07-01,216.367
2018-08-01,216.654
2018-09-01,216.496
2018-10-01,216.317
2018-11-01,216.110
2018-12-01,216.497
2019-01-01,216.466
2019-02-01,216.740
2019-03-01,217.596
2019-04-01,217.061
2019-05-01,217.790
2019-06-01,217.722
2019-07-01,217.968
2019-08-01,218.893
2019-09-01,219.515
2019-10-01,220.412
2019-11-01,221.926
2019-12-01,222.033
2020-01-01,223.035
2020-02-01,224.443
2020-03-01,225.627
2020-04-01,228.755
2020-05-01,230.166
2020-06-01,228.437
2020-07-01,227.114
2020-08-01,231.231
2020-09-01,230.656
2020-10-01,229.155
2020-11-01,229.503
2020-12-01,231.740
2021-01-01,231.546
2021-02-01,230.452
2021-03-01,229.249
2021-04-01,230.170
2021-05-01,230.380
2021-06-01,230.152
2021-07-01,231.233
2021-08-01,230.145
2021-09-01,231.973
2021-10-01,233.168
2021-11-01,233.157
2021-12-01,235.442
2022-01-01,238.675
2022-02-01,242.386
2022-03-01,245.258
2022-04-01,251.030
2022-05-01,257.678
2022-06-01,261.255
2022-07-01,265.638
2022-08-01,267.461
2022-09-01,268.793
2022-10-01,269.355
2022-11-01,271.307
2022-12-01,271.376
2023-01-01,272.040
2023-02-01,272.271
2023-03-01,271.384
2023-04-01,271.102
2023-05-01,269.573
2023-06-01,268.338
2023-07-01,269.143
2023-08-01,268.281
2023-09-01,268.377
2023-10-01,268.326
2023-11-01,267.609
2023-12-01,267.889
2024-01-01,268.941
2024-02-01,267.334
2024-03-01,266.274
2024-04-01,267.474
2024-05-01,266.749
2024-06-01,268.098
2024-07-01,268.653
2024-08-01,269.468
2024-09-01,269.643
2024-10-01,271.695
2024-11-01,270.819
2024-12-01,271.358
2025-01-01,272.038
2025-02-01,269.432
2025-03-01,272.244
2025-04-01,271.750
2025-05-01,271.348
2025-06-01,270.626
2025-07-01,272.586
2025-08-01,272.840
2025-09-01,271.583
2025-10-01,
2025-11-01,266.491
2025-12-01,268.951
2026-01-01,271.185
2026-02-01,269.599
2026-03-01,267.992
2026-04-01,270.164
2026-05-01,268.523
2026-06-01,271.683
