observation_date,LB0000031Q020SBEA
1947-01-01,1573.641
1947-04-01,1587.300
1947-07-01,1600.899
1947-10-01,1626.037
1948-01-01,1642.923
1948-04-01,1657.677
1948-07-01,1656.227
1948-10-01,1662.956
1949-01-01,1646.466
1949-04-01,1657.082
1949-07-01,1659.589
1949-10-01,1690.622
1950-01-01,1733.147
1950-04-01,1786.451
1950-07-01,1885.714
1950-10-01,1833.007
1951-01-01,1853.431
1951-04-01,1794.864
1951-07-01,1806.149
1951-10-01,1811.766
1952-01-01,1820.640
1952-04-01,1855.278
1952-07-01,1842.185
1952-10-01,1921.486
1953-01-01,1954.963
1953-04-01,1967.404
1953-07-01,1964.399
1953-10-01,1950.437
1954-01-01,1950.690
1954-04-01,1977.145
1954-07-01,2013.509
1954-10-01,2056.151
1955-01-01,2108.942
1955-04-01,2159.237
1955-07-01,2190.645
1955-10-01,2214.189
1956-01-01,2209.125
1956-04-01,2219.767
1956-07-01,2223.968
1956-10-01,2245.800
1957-01-01,2257.802
1957-04-01,2256.788
1957-07-01,2275.710
1957-10-01,2268.500
1958-01-01,2217.353
1958-04-01,2221.323
1958-07-01,2257.505
1958-10-01,2307.890
1959-01-01,2368.718
1959-04-01,2412.740
1959-07-01,2437.993
1959-10-01,2434.320
1960-01-01,2469.384
1960-04-01,2484.808
1960-07-01,2466.161
1960-10-01,2467.789
1961-01-01,2462.986
1961-04-01,2500.391
1961-07-01,2521.872
1961-10-01,2578.312
1962-01-01,2609.980
1962-04-01,2650.425
1962-07-01,2671.781
1962-10-01,2700.364
1963-01-01,2722.570
1963-04-01,2767.268
1963-07-01,2811.039
1963-10-01,2846.847
1964-01-01,2911.511
1964-04-01,2951.091
1964-07-01,3004.257
1964-10-01,3016.460
1965-01-01,3098.044
1965-04-01,3143.503
1965-07-01,3204.123
1965-10-01,3290.781
1966-01-01,3355.222
1966-04-01,3354.800
1966-07-01,3385.637
1966-10-01,3377.531
1967-01-01,3379.574
1967-04-01,3433.410
1967-07-01,3455.887
1967-10-01,3494.185
1968-01-01,3576.737
1968-04-01,3617.824
1968-07-01,3683.213
1968-10-01,3714.448
1969-01-01,3768.809
1969-04-01,3792.149
1969-07-01,3818.330
1969-10-01,3823.929
1970-01-01,3838.622
1970-04-01,3835.881
1970-07-01,3875.916
1970-10-01,3867.390
1971-01-01,3942.708
1971-04-01,4002.060
1971-07-01,4041.823
1971-10-01,4117.223
1972-01-01,4197.749
1972-04-01,4275.987
1972-07-01,4338.042
1972-10-01,4459.347
1973-01-01,4561.749
1973-04-01,4568.062
1973-07-01,4577.303
1973-10-01,4557.734
1974-01-01,4505.632
1974-04-01,4505.628
1974-07-01,4504.324
1974-10-01,4399.807
1975-01-01,4375.110
1975-04-01,4421.999
1975-07-01,4493.998
1975-10-01,4550.734
1976-01-01,4661.048
1976-04-01,4711.003
1976-07-01,4761.379
1976-10-01,4857.661
1977-01-01,4938.778
1977-04-01,5016.199
1977-07-01,5067.415
1977-10-01,5146.115
1978-01-01,5179.018
1978-04-01,5346.203
1978-07-01,5398.132
1978-10-01,5459.996
1979-01-01,5493.231
1979-04-01,5482.630
1979-07-01,5546.481
1979-10-01,5544.050
1980-01-01,5520.144
1980-04-01,5316.275
1980-07-01,5375.992
1980-10-01,5478.692
1981-01-01,5504.722
1981-04-01,5515.422
1981-07-01,5535.456
1981-10-01,5502.432
1982-01-01,5496.995
1982-04-01,5469.816
1982-07-01,5469.058
1982-10-01,5544.931
1983-01-01,5615.334
1983-04-01,5750.979
1983-07-01,5901.647
1983-10-01,6047.560
1984-01-01,6129.199
1984-04-01,6250.068
1984-07-01,6314.367
1984-10-01,6403.375
1985-01-01,6500.170
1985-04-01,6565.320
1985-07-01,6655.052
1985-10-01,6694.798
1986-01-01,6744.287
1986-04-01,6801.349
1986-07-01,6887.426
1986-10-01,6932.139
1987-01-01,6910.505
1987-04-01,7007.350
1987-07-01,7096.362
1987-10-01,7107.424
1988-01-01,7206.388
1988-04-01,7278.522
1988-07-01,7336.542
1988-10-01,7420.717
1989-01-01,7461.952
1989-04-01,7491.329
1989-07-01,7576.286
1989-10-01,7581.003
1990-01-01,7650.152
1990-04-01,7636.700
1990-07-01,7647.853
1990-10-01,7561.619
1991-01-01,7497.463
1991-04-01,7551.933
1991-07-01,7584.150
1991-10-01,7587.471
1992-01-01,7718.398
1992-04-01,7808.856
1992-07-01,7893.762
1992-10-01,8014.047
1993-01-01,8050.413
1993-04-01,8137.509
1993-07-01,8235.342
1993-10-01,8358.070
1994-01-01,8454.322
1994-04-01,8541.111
1994-07-01,8607.366
1994-10-01,8723.531
1995-01-01,8778.372
1995-04-01,8838.205
1995-07-01,8927.185
1995-10-01,9012.301
1996-01-01,9125.820
1996-04-01,9262.404
1996-07-01,9350.912
1996-10-01,9441.253
1997-01-01,9557.104
1997-04-01,9629.823
1997-07-01,9832.106
1997-10-01,9939.893
1998-01-01,10082.259
1998-04-01,10296.006
1998-07-01,10444.222
1998-10-01,10625.870
1999-01-01,10752.184
1999-04-01,10937.282
1999-07-01,11089.884
1999-10-01,11228.499
2000-01-01,11432.306
2000-04-01,11572.064
2000-07-01,11669.073
2000-10-01,11755.794
2001-01-01,11773.250
2001-04-01,11760.864
2001-07-01,11774.262
2001-10-01,11864.211
2002-01-01,11863.538
2002-04-01,11908.409
2002-07-01,11971.007
2002-10-01,12013.730
2003-01-01,12083.142
2003-04-01,12252.509
2003-07-01,12471.793
2003-10-01,12586.836
2004-01-01,12672.401
2004-04-01,12799.139
2004-07-01,12975.347
2004-10-01,13141.335
2005-01-01,13256.573
2005-04-01,13420.502
2005-07-01,13558.950
2005-10-01,13591.882
2006-01-01,13763.919
2006-04-01,13802.694
2006-07-01,13852.109
2006-10-01,13933.671
2007-01-01,13998.645
2007-04-01,14041.685
2007-07-01,14097.766
2007-10-01,14112.491
2008-01-01,14050.955
2008-04-01,14058.080
2008-07-01,13900.363
2008-10-01,13617.795
2009-01-01,13382.595
2009-04-01,13242.876
2009-07-01,13325.935
2009-10-01,13325.571
2010-01-01,13388.819
2010-04-01,13570.719
2010-07-01,13663.781
2010-10-01,13777.856
2011-01-01,13817.950
2011-04-01,13885.309
2011-07-01,14021.653
2011-10-01,14105.890
2012-01-01,14269.456
2012-04-01,14343.419
2012-07-01,14371.148
2012-10-01,14466.075
2013-01-01,14595.756
2013-04-01,14658.671
2013-07-01,14758.610
2013-10-01,14910.295
2014-01-01,14989.401
2014-04-01,15192.054
2014-07-01,15374.275
2014-10-01,15558.654
2015-01-01,15666.906
2015-04-01,15787.368
2015-07-01,15912.046
2015-10-01,15962.791
2016-01-01,16082.671
2016-04-01,16170.359
2016-07-01,16296.649
2016-10-01,16393.779
2017-01-01,16537.359
2017-04-01,16636.289
2017-07-01,16751.954
2017-10-01,16976.861
2018-01-01,17135.084
2018-04-01,17244.616
2018-07-01,17317.121
2018-10-01,17369.247
2019-01-01,17401.256
2019-04-01,17586.134
2019-07-01,17783.076
2019-10-01,17864.729
2020-01-01,17597.955
2020-04-01,16104.812
2020-07-01,17455.739
2020-10-01,17785.217
2021-01-01,18180.392
2021-04-01,18738.822
2021-07-01,18849.975
2021-10-01,19023.059
2022-01-01,19101.376
2022-04-01,19244.197
2022-07-01,19292.951
2022-10-01,19318.203
2023-01-01,19535.395
2023-04-01,19685.977
2023-07-01,19843.097
2023-10-01,20007.996
2024-01-01,20106.964
2024-04-01,20274.274
2024-07-01,20446.941
2024-10-01,20581.647
2025-01-01,20678.992
2025-04-01,20825.412
2025-07-01,20974.934
2025-10-01,21070.689
2026-01-01,21161.570
