observation_date,PNFIC1
2007-01-01,1940.435
2007-04-01,1983.497
2007-07-01,2014.616
2007-10-01,2045.689
2008-01-01,2053.812
2008-04-01,2057.975
2008-07-01,2019.550
2008-10-01,1901.929
2009-01-01,1758.633
2009-04-01,1705.141
2009-07-01,1695.222
2009-10-01,1706.564
2010-01-01,1718.732
2010-04-01,1775.333
2010-07-01,1823.655
2010-10-01,1859.421
2011-01-01,1857.309
2011-04-01,1905.711
2011-07-01,1995.353
2011-10-01,2046.640
2012-01-01,2099.256
2012-04-01,2146.704
2012-07-01,2139.633
2012-10-01,2162.912
2013-01-01,2196.264
2013-04-01,2207.605
2013-07-01,2248.212
2013-10-01,2302.178
2014-01-01,2339.393
2014-04-01,2406.416
2014-07-01,2458.452
2014-10-01,2479.937
2015-01-01,2481.110
2015-04-01,2498.351
2015-07-01,2513.595
2015-10-01,2502.473
2016-01-01,2504.570
2016-04-01,2525.941
2016-07-01,2564.000
2016-10-01,2584.602
2017-01-01,2610.431
2017-04-01,2639.796
2017-07-01,2665.246
2017-10-01,2728.927
2018-01-01,2805.277
2018-04-01,2837.057
2018-07-01,2854.550
2018-10-01,2880.391
2019-01-01,2899.840
2019-04-01,2954.978
2019-07-01,2983.489
2019-10-01,2970.305
2020-01-01,2918.067
2020-04-01,2681.079
2020-07-01,2796.634
2020-10-01,2875.442
2021-01-01,2939.916
2021-04-01,3010.859
2021-07-01,2999.341
2021-10-01,3022.081
2022-01-01,3110.067
2022-04-01,3163.406
2022-07-01,3210.162
2022-10-01,3265.979
2023-01-01,3333.291
2023-04-01,3421.757
2023-07-01,3436.424
2023-10-01,3482.993
2024-01-01,3496.025
2024-04-01,3517.460
2024-07-01,3547.627
2024-10-01,3514.424
2025-01-01,3595.389
2025-04-01,3659.320
2025-07-01,3687.843
2025-10-01,3709.689
2026-01-01,3804.382
