target,family,model,lag_months,formula,n_obs,n_train,n_test,train_r2,full_r2,test_rmse,test_mae,test_r2,high_leverage_month_count,high_leverage_months,max_cooks_distance,coef_intercept,hac_se_intercept,t_intercept,p_intercept,coef_Energy_consumption_growth_lag,hac_se_Energy_consumption_growth_lag,t_Energy_consumption_growth_lag,p_Energy_consumption_growth_lag,coef_Oil_price_YoY_lag,hac_se_Oil_price_YoY_lag,t_Oil_price_YoY_lag,p_Oil_price_YoY_lag,coef_GM2_YoY_lag,hac_se_GM2_YoY_lag,t_GM2_YoY_lag,p_GM2_YoY_lag,frequency,window_periods,rolling_rmse,rolling_mae,rolling_r2,directional_accuracy,sign_accuracy,n_rolling_predictions,coef_Real_activity_growth_lag,hac_se_Real_activity_growth_lag,t_Real_activity_growth_lag,p_Real_activity_growth_lag,coef_Oil_price_YoY,hac_se_Oil_price_YoY,t_Oil_price_YoY,p_Oil_price_YoY,coef_Oil_price_burden,hac_se_Oil_price_burden,t_Oil_price_burden,p_Oil_price_burden,coef_GM2_YoY_lag5_proxy,hac_se_GM2_YoY_lag5_proxy,t_GM2_YoY_lag5_proxy,p_GM2_YoY_lag5_proxy,coef_financial_crisis_2008_2009,hac_se_financial_crisis_2008_2009,t_financial_crisis_2008_2009,p_financial_crisis_2008_2009,coef_shale_regime_2014_2017,hac_se_shale_regime_2014_2017,t_shale_regime_2014_2017,p_shale_regime_2014_2017,coef_covid_2020_2021,hac_se_covid_2020_2021,t_covid_2020_2021,p_covid_2020_2021,coef_war_spr_2022_2023,hac_se_war_spr_2022_2023,t_war_spr_2022_2023,p_war_spr_2022_2023,coef_Energy_consumption_growth,hac_se_Energy_consumption_growth,t_Energy_consumption_growth,p_Energy_consumption_growth,coef_WTI_YoY,hac_se_WTI_YoY,t_WTI_YoY,p_WTI_YoY,coef_GM2_YoY,hac_se_GM2_YoY,t_GM2_YoY,p_GM2_YoY,regime
Industrial_production_YoY,energy_gdp,real_activity_model,0,Industrial_production_YoY_t = alpha + Energy_consumption_growth_lag + Oil_price_YoY_lag + GM2_YoY_lag,264,212,52,0.6142051615839393,0.5679467945735164,2.548313470550274,2.066296538510299,-2.878882346901518,23,2005-02;2008-06;2008-09;2008-12;2009-01;2009-02;2009-03;2009-04;2009-05;2009-06;2009-07;2009-08;2009-12;2011-12;2012-01;2012-03;2016-12;2020-04;2020-05;2020-11;2021-04;2021-05;2024-01,0.06296622227886811,1.167206428158928,0.4133709636194866,2.823629453648217,0.005115825022372844,0.530751331425529,0.09046470938564868,5.866943419482507,1.3457531977678627e-08,0.044095860236601336,0.009688123799507575,4.551537650545158,8.183585975318763e-06,-0.14804590787058136,0.05634560889188305,-2.6274613192068696,0.009113591675782962,monthly,60,3.115791231855794,2.2758543261280084,0.5027273931079308,0.5665024630541872,0.6813725490196079,204,,,,,,,,,,,,,,,,,,,,,,,,,,,,,,,,,,,,,,,,,,,,,
Industrial_production_YoY,energy_gdp,real_activity_model,1,Industrial_production_YoY_t = alpha + Energy_consumption_growth_lag + Oil_price_YoY_lag + GM2_YoY_lag,264,212,52,0.5601892539585533,0.5269438520860887,2.249357314286786,1.8919873905475448,-2.1016384742571317,23,2008-06;2008-07;2008-08;2008-09;2008-12;2009-01;2009-02;2009-03;2009-04;2009-05;2009-06;2009-07;2009-08;2012-01;2012-02;2012-04;2017-01;2020-04;2020-05;2020-12;2021-04;2021-05;2021-12,0.1292053863390688,0.9230048273527335,0.43872606823842963,2.1038294602797984,0.036353894646361296,0.46290482577468206,0.0968337198078361,4.780409414130782,2.930602690742745e-06,0.048314468992139925,0.010189556363529638,4.74156747050015,3.4980788328198287e-06,-0.12067797681691228,0.06222750613904021,-1.9393027987859774,0.053546236921197865,monthly,60,3.1736081920649695,2.216957430919268,0.4516433260484156,0.5320197044334976,0.7303921568627451,204,,,,,,,,,,,,,,,,,,,,,,,,,,,,,,,,,,,,,,,,,,,,,
Industrial_production_YoY,energy_gdp,real_activity_model,2,Industrial_production_YoY_t = alpha + Energy_consumption_growth_lag + Oil_price_YoY_lag + GM2_YoY_lag,264,212,52,0.4057233148399577,0.3814851291434439,1.9869912272817298,1.6755774716548593,-1.4014266263606876,23,2008-07;2008-08;2008-09;2008-10;2008-11;2008-12;2009-01;2009-02;2009-03;2009-04;2009-05;2009-06;2009-07;2009-08;2012-02;2012-05;2020-04;2020-05;2021-04;2021-05;2021-06;2021-07;2022-01,0.32071145783444005,0.5381928880148509,0.53102413765187,1.01349985783072,0.3117636826376735,0.38197371163372346,0.097629410693685,3.9124860932754846,0.00011669038485040417,0.04215808557168588,0.012012444401028784,3.5095342932929894,0.0005288862756052115,-0.059892717883036656,0.08529770424481291,-0.7021609598206605,0.48320689647454174,monthly,60,3.586687569108885,2.303968164271672,0.24981927885577504,0.49261083743842365,0.7549019607843137,204,,,,,,,,,,,,,,,,,,,,,,,,,,,,,,,,,,,,,,,,,,,,,
Industrial_production_YoY,energy_gdp,real_activity_model,3,Industrial_production_YoY_t = alpha + Energy_consumption_growth_lag + Oil_price_YoY_lag + GM2_YoY_lag,263,211,52,0.31851536071189657,0.3022534703900672,1.75132341985851,1.4929173890198855,-0.8655639165119677,21,2008-08;2008-09;2008-10;2008-11;2008-12;2009-01;2009-02;2009-03;2009-04;2009-05;2009-06;2009-07;2009-08;2012-06;2020-04;2020-05;2021-04;2021-05;2021-07;2021-08;2021-09,0.36099775604486106,0.16332925096017437,0.6540635558266766,0.24971464853096897,0.8030059691817291,0.40806367292617635,0.10845061296342237,3.7626682023808002,0.00020795515315374935,0.028954915973490647,0.01521481934780028,1.903073267687327,0.05813974154418333,0.008678351959287706,0.11264321439104433,0.07704282948780691,0.9386489547483281,monthly,60,3.6936407112587863,2.364100066485095,0.1457621756198103,0.599009900990099,0.7881773399014779,203,,,,,,,,,,,,,,,,,,,,,,,,,,,,,,,,,,,,,,,,,,,,,
Industrial_production_YoY,energy_gdp,real_activity_model,4,Industrial_production_YoY_t = alpha + Energy_consumption_growth_lag + Oil_price_YoY_lag + GM2_YoY_lag,262,210,52,0.23656473955345458,0.22881882985132662,1.4899157904070088,1.2350667913360158,-0.35020859469890553,21,2008-08;2008-09;2008-10;2008-11;2008-12;2009-01;2009-02;2009-03;2009-04;2009-05;2009-06;2009-07;2009-08;2020-04;2020-05;2021-03;2021-04;2021-05;2021-06;2021-08;2021-09,0.25261710474712845,-0.01865344242227411,0.7344120209452493,-0.02539915182524597,0.9797562216006477,0.3903051670740668,0.11535095198955367,3.383631953981735,0.0008265703724432694,0.01993134308637018,0.0171779120887822,1.1602890376523738,0.24700368738594136,0.0447225467428968,0.13110699234523296,0.34111488596376843,0.733294725131568,monthly,60,3.807157726971121,2.4949940779465036,0.03132457391839205,0.5174129353233831,0.806930693069307,202,,,,,,,,,,,,,,,,,,,,,,,,,,,,,,,,,,,,,,,,,,,,,
Industrial_production_YoY,energy_gdp,real_activity_model,5,Industrial_production_YoY_t = alpha + Energy_consumption_growth_lag + Oil_price_YoY_lag + GM2_YoY_lag,261,209,52,0.16266793611941566,0.16125103150799291,1.285414638574333,1.114282871768558,-0.0049950095329589494,21,2008-08;2008-09;2008-10;2008-11;2008-12;2009-01;2009-02;2009-03;2009-04;2009-05;2009-06;2009-07;2009-08;2010-06;2020-04;2020-05;2020-06;2021-04;2021-05;2021-06;2021-09,0.3007622734551047,-0.04830154276280843,0.7636978915664774,-0.0632469243351367,0.9496190423621853,0.33771879292659795,0.11784804799902397,2.8657139312939233,0.004504971455573381,0.014900829185623243,0.017226053806031788,0.8650169884181858,0.38783617090847455,0.0544079023413217,0.13942533160691878,0.39022967859752816,0.6966899520841587,monthly,60,3.9534690075486685,2.527182218733726,-0.09657802209315403,0.52,0.8059701492537313,201,,,,,,,,,,,,,,,,,,,,,,,,,,,,,,,,,,,,,,,,,,,,,
Industrial_production_YoY,energy_gdp,real_activity_model,6,Industrial_production_YoY_t = alpha + Energy_consumption_growth_lag + Oil_price_YoY_lag + GM2_YoY_lag,261,209,52,0.11165592927262202,0.11344537420295786,1.1568990349175263,0.9076161060525696,0.18591764826808233,19,2008-09;2008-10;2008-11;2008-12;2009-01;2009-02;2009-03;2009-04;2009-05;2009-06;2009-07;2009-08;2010-05;2020-04;2020-05;2021-04;2021-05;2021-06;2021-10,0.2468106866704442,-0.1481791545856679,0.7552368479514808,-0.19620223111146118,0.844606934077742,0.29642158952763387,0.13103065010008116,2.262230930711457,0.024518627195801557,0.00987945227071585,0.01694127788694125,0.583158622191728,0.560297889499374,0.0758374405507003,0.1294758296381632,0.5857266237462061,0.5585732355797859,monthly,60,4.114807225691635,2.6390824925139196,-0.18790537608995095,0.47,0.7960199004975125,201,,,,,,,,,,,,,,,,,,,,,,,,,,,,,,,,,,,,,,,,,,,,,
Industrial_production_YoY,energy_gdp,real_activity_model,7,Industrial_production_YoY_t = alpha + Energy_consumption_growth_lag + Oil_price_YoY_lag + GM2_YoY_lag,261,209,52,0.07729321106563813,0.08255170306773651,1.0036011829748621,0.7915352133989637,0.38736789618576983,20,2008-08;2008-09;2008-10;2008-11;2008-12;2009-01;2009-02;2009-03;2009-04;2009-05;2009-06;2009-07;2009-08;2010-06;2020-04;2020-05;2021-04;2021-05;2021-06;2021-11,0.14961971409694855,-0.22892905922667886,0.7773045522039708,-0.2945165554190735,0.7686009645260956,0.268215986116369,0.14028067488475596,1.9119952647555698,0.056988691255053014,0.005306328296575125,0.017810039239179284,0.2979402922876238,0.7659894529469093,0.09346620539614153,0.12506691268472983,0.7473295965316763,0.45554783764523354,monthly,60,4.213053377449836,2.736446244276543,-0.24530801465950902,0.53,0.7810945273631841,201,,,,,,,,,,,,,,,,,,,,,,,,,,,,,,,,,,,,,,,,,,,,,
Industrial_production_YoY,energy_gdp,real_activity_model,8,Industrial_production_YoY_t = alpha + Energy_consumption_growth_lag + Oil_price_YoY_lag + GM2_YoY_lag,261,209,52,0.050498509150529336,0.05856404002700011,0.8732794497927062,0.6516828061021087,0.5361432262280771,22,2008-08;2008-09;2008-10;2008-11;2008-12;2009-01;2009-02;2009-03;2009-04;2009-05;2009-06;2009-07;2009-08;2010-07;2017-10;2020-04;2020-05;2021-04;2021-05;2021-06;2021-07;2021-12,0.12385030728685752,-0.3308216121554674,0.8202122469112173,-0.40333659171913916,0.6870359830591091,0.25014645924856244,0.14468824995255244,1.7288650552521911,0.0850341614803658,-0.0006836496510787549,0.018975366619507137,-0.03602827100984423,0.9712877844457184,0.11609506869593111,0.1240183407300429,0.9361120944896466,0.3500942714876478,monthly,60,4.243094879669257,2.8025196349351993,-0.26313086230042715,0.515,0.7711442786069652,201,,,,,,,,,,,,,,,,,,,,,,,,,,,,,,,,,,,,,,,,,,,,,
Industrial_production_YoY,energy_gdp,real_activity_model,9,Industrial_production_YoY_t = alpha + Energy_consumption_growth_lag + Oil_price_YoY_lag + GM2_YoY_lag,261,209,52,0.03683447009819496,0.043879790219578774,0.9583849229011739,0.723163940028286,0.4413274050362237,19,2008-08;2008-09;2008-10;2008-11;2008-12;2009-01;2009-02;2009-03;2009-04;2009-05;2009-06;2009-08;2017-11;2020-04;2020-05;2021-02;2021-04;2021-05;2021-06,0.10801389769186398,-0.3277526079983063,0.8704013119786539,-0.37655343976129513,0.7068161887143747,0.2314757186177795,0.14899365355397837,1.553594486049159,0.12151173336588061,-0.005610074964492062,0.020163318764432114,-0.27823172514577194,0.7810582007104161,0.12316949759180934,0.1276676730982098,0.9647665270523087,0.3355686936160931,monthly,60,4.30364491208544,2.8866264167084656,-0.29943847734464857,0.525,0.7512437810945274,201,,,,,,,,,,,,,,,,,,,,,,,,,,,,,,,,,,,,,,,,,,,,,
Industrial_production_YoY,energy_gdp,real_activity_model,10,Industrial_production_YoY_t = alpha + Energy_consumption_growth_lag + Oil_price_YoY_lag + GM2_YoY_lag,261,209,52,0.026088290740069908,0.029828835769753148,1.2314421932107604,0.8769150686495719,0.07762933546391093,19,2008-09;2008-10;2008-11;2008-12;2009-01;2009-02;2009-03;2009-04;2009-05;2009-06;2009-07;2010-05;2020-04;2020-05;2021-02;2021-04;2021-05;2021-06;2022-02,0.12276018423071934,-0.23599844551663793,0.9035536845245205,-0.261189179523769,0.7941558047285173,0.18536164931915736,0.15067462295113876,1.2302114695137947,0.2197427964471128,-0.007241326664056247,0.021321751531054464,-0.33962156690126893,0.7344189123866407,0.11376254393711527,0.13047518269449276,0.8719094435260528,0.3840715933612453,monthly,60,4.319591647793357,2.974880890956785,-0.3090862032594113,0.56,0.7164179104477612,201,,,,,,,,,,,,,,,,,,,,,,,,,,,,,,,,,,,,,,,,,,,,,
Industrial_production_YoY,energy_gdp,real_activity_model,11,Industrial_production_YoY_t = alpha + Energy_consumption_growth_lag + Oil_price_YoY_lag + GM2_YoY_lag,261,209,52,0.021689987912194675,0.015551466138452485,1.794672231987549,1.1981910321417188,-0.9590598715578267,19,2008-09;2008-10;2008-11;2008-12;2009-01;2009-02;2009-03;2009-04;2009-05;2009-06;2009-07;2009-08;2020-04;2020-05;2021-02;2021-04;2021-05;2021-06;2022-03,0.2147708554237755,-0.04622603211127236,0.9229081098667984,-0.050087361479512926,0.9600916762132834,0.08879635439330574,0.1579271333481727,0.5622615475299081,0.574427905000189,-0.009699241103027514,0.022096791631523536,-0.4389434115489629,0.6610713387113993,0.09258473970221337,0.12969411963949828,0.7138699885512522,0.4759553822209788,monthly,60,4.370182738688719,2.9753118062123196,-0.33992982762758617,0.46,0.7014925373134329,201,,,,,,,,,,,,,,,,,,,,,,,,,,,,,,,,,,,,,,,,,,,,,
Industrial_production_YoY,energy_gdp,real_activity_model,12,Industrial_production_YoY_t = alpha + Energy_consumption_growth_lag + Oil_price_YoY_lag + GM2_YoY_lag,261,209,52,0.041869389293340054,0.0215621490947282,2.344990731049528,1.557208182106378,-2.344719353926112,19,2008-09;2008-10;2008-11;2008-12;2009-01;2009-02;2009-03;2009-04;2009-05;2009-06;2009-07;2009-08;2009-09;2020-04;2020-05;2021-04;2021-05;2021-06;2022-04,0.18701520295029173,0.19725837010622643,0.9356644221173537,0.21082170641889142,0.8331934619384778,-0.007492999931518966,0.16080692571679794,-0.04659625136242652,0.9628712070313625,-0.0126972207628341,0.02223026500659051,-0.5711682141022525,0.568384747572229,0.0646443278411064,0.12929938274728975,0.499958518498507,0.6175320818525645,monthly,60,4.21841935106123,2.8715359954636797,-0.2484822186438298,0.41,0.6915422885572139,201,,,,,,,,,,,,,,,,,,,,,,,,,,,,,,,,,,,,,,,,,,,,,
Industrial_production_YoY,energy_gdp,real_activity_model,13,Industrial_production_YoY_t = alpha + Energy_consumption_growth_lag + Oil_price_YoY_lag + GM2_YoY_lag,261,209,52,0.05937083205373983,0.03364158635935022,2.496805001060827,1.7016213753023832,-2.791810923932025,21,2008-09;2008-10;2008-11;2008-12;2009-01;2009-02;2009-03;2009-04;2009-05;2009-06;2009-07;2009-08;2009-09;2009-10;2020-04;2020-05;2021-02;2021-04;2021-05;2021-06;2022-05,0.1548419835355118,0.35480791674393286,0.9449256261747144,0.37548766475969164,0.707607540075692,-0.043799375109585634,0.143482361365621,-0.3052596478948119,0.7604154916654833,-0.01574844362038762,0.021702657335044777,-0.7256458680273002,0.4687161542629661,0.04824141432888004,0.1314795864041957,0.36691181991230076,0.7139867138768805,monthly,60,4.084729503093756,2.7743205478119477,-0.17060254670647046,0.505,0.6915422885572139,201,,,,,,,,,,,,,,,,,,,,,,,,,,,,,,,,,,,,,,,,,,,,,
Industrial_production_YoY,energy_gdp,real_activity_model,14,Industrial_production_YoY_t = alpha + Energy_consumption_growth_lag + Oil_price_YoY_lag + GM2_YoY_lag,261,209,52,0.06129146514231687,0.03745686813186189,2.4184918720955766,1.6909819258364978,-2.557678397168337,20,2008-09;2008-10;2008-11;2008-12;2009-01;2009-02;2009-03;2009-04;2009-05;2009-06;2009-07;2009-08;2009-10;2009-11;2020-04;2020-05;2021-04;2021-05;2021-06;2022-06,0.11614486250148257,0.4094486136473525,0.948168712526978,0.4318309687272059,0.6662263288870065,-0.06126808527972955,0.12357802633807184,-0.49578462365241804,0.6204700687570388,-0.016004557320030702,0.02098067069860472,-0.7628239130169969,0.4462680171404392,0.04153886036944597,0.1355993156154328,0.30633532463580043,0.7595973695030735,monthly,60,3.993029250999624,2.8030111258560173,-0.1186335576737898,0.49,0.6965174129353234,201,,,,,,,,,,,,,,,,,,,,,,,,,,,,,,,,,,,,,,,,,,,,,
Industrial_production_YoY,energy_gdp,real_activity_model,15,Industrial_production_YoY_t = alpha + Energy_consumption_growth_lag + Oil_price_YoY_lag + GM2_YoY_lag,261,209,52,0.05654512986589699,0.0372341666454834,2.2559084416698427,1.6165814258586957,-2.0954255365107337,21,2008-09;2008-10;2008-11;2008-12;2009-01;2009-02;2009-03;2009-04;2009-05;2009-06;2009-07;2009-08;2009-09;2009-10;2009-11;2020-04;2020-05;2021-04;2021-05;2021-06;2022-07,0.09410969247850452,0.3848945641693384,0.9332731381001639,0.4124136316114881,0.6803800845238976,-0.10661162765015439,0.11045275607413617,-0.9652237883371275,0.33534010679295023,-0.012037587512569572,0.019496322543345282,-0.6174286194643608,0.5374987146169976,0.039159753991625926,0.13735015099346948,0.2851089256792141,0.775790318399824,monthly,60,3.9612041872114467,2.8026611582737706,-0.10087325039612871,0.455,0.6865671641791045,201,,,,,,,,,,,,,,,,,,,,,,,,,,,,,,,,,,,,,,,,,,,,,
Industrial_production_YoY,energy_gdp,real_activity_model,16,Industrial_production_YoY_t = alpha + Energy_consumption_growth_lag + Oil_price_YoY_lag + GM2_YoY_lag,261,209,52,0.049977237464343904,0.03547814408272876,2.0772555789763687,1.4512734756610128,-1.6245647427696706,22,2008-09;2008-10;2008-11;2008-12;2009-01;2009-02;2009-03;2009-04;2009-05;2009-06;2009-07;2009-08;2009-09;2009-10;2020-04;2020-05;2020-06;2021-04;2021-05;2021-06;2022-08;2022-09,0.0914054043437459,0.31427352807253695,0.9078377075015187,0.3461780949124227,0.7294921103960235,-0.1351207447403624,0.09730505588961816,-1.3886302567221374,0.16614750725513971,-0.008014874253613968,0.01779887884238671,-0.45030219737926075,0.6528721770329602,0.042339685006627104,0.13782973881377938,0.30718831342945446,0.7589488082655336,monthly,60,3.931375749195209,2.8088253164428965,-0.08435620504482788,0.54,0.681592039800995,201,,,,,,,,,,,,,,,,,,,,,,,,,,,,,,,,,,,,,,,,,,,,,
Industrial_production_YoY,energy_gdp,real_activity_model,17,Industrial_production_YoY_t = alpha + Energy_consumption_growth_lag + Oil_price_YoY_lag + GM2_YoY_lag,261,209,52,0.05971430613319639,0.04376738430776361,2.1350659479211913,1.4456010104497647,-1.7726816642352872,20,2008-09;2008-10;2008-11;2008-12;2009-01;2009-02;2009-03;2009-04;2009-05;2009-06;2009-07;2009-08;2009-10;2009-11;2020-04;2020-05;2021-04;2021-05;2021-06;2022-09,0.12547666093154144,0.29722802275621923,0.8651626516861631,0.3435516109912225,0.7314644061343913,-0.1848517522913646,0.09437636946196107,-1.9586656421009092,0.05123339659169135,-0.004804333477716055,0.016176140500693905,-0.2970012208728012,0.766705480355302,0.039156677154505146,0.13679198264299208,0.2862497962084415,0.7749174157091556,monthly,60,3.98868225571068,2.8079302990571473,-0.1161992915449146,0.515,0.681592039800995,201,,,,,,,,,,,,,,,,,,,,,,,,,,,,,,,,,,,,,,,,,,,,,
Industrial_production_YoY,energy_gdp,real_activity_model,18,Industrial_production_YoY_t = alpha + Energy_consumption_growth_lag + Oil_price_YoY_lag + GM2_YoY_lag,261,209,52,0.06856327471560286,0.053696318473365534,2.096853101361632,1.4818133790867103,-1.674320385878664,20,2008-09;2008-10;2008-11;2008-12;2009-01;2009-02;2009-03;2009-04;2009-05;2009-06;2009-07;2009-08;2009-10;2009-11;2020-04;2020-05;2021-04;2021-05;2021-06;2022-10,0.08610845542621123,0.32109780135597316,0.8032328523501434,0.3997568082735751,0.6896676818166374,-0.21931459234509476,0.09326151583759795,-2.351608703497816,0.01944784470895833,-0.0037870559247454305,0.013728679475973535,-0.2758499775140887,0.7828849733011305,0.03387950780900145,0.13427470993176957,0.25231488361596166,0.8009993574418992,monthly,60,4.051310001175163,2.7834276953352477,-0.15152617036058902,0.525,0.6716417910447762,201,,,,,,,,,,,,,,,,,,,,,,,,,,,,,,,,,,,,,,,,,,,,,
Industrial_production_YoY,energy_gdp,real_activity_model,19,Industrial_production_YoY_t = alpha + Energy_consumption_growth_lag + Oil_price_YoY_lag + GM2_YoY_lag,261,209,52,0.07455090323057534,0.06443372526732427,1.8864949156720678,1.3666364713652281,-1.164655057585597,18,2008-09;2008-10;2008-11;2008-12;2009-01;2009-02;2009-03;2009-05;2009-06;2009-07;2009-08;2020-04;2020-05;2020-06;2021-04;2021-05;2021-06;2022-11,0.08424227216907672,0.3056380427860484,0.7452097684111201,0.4101369248523227,0.6820471933301993,-0.25317295630009323,0.09547388074933967,-2.651750974329639,0.008505361448644111,-0.001954324575061478,0.0116749581840552,-0.16739456743669975,0.8671912397969113,0.034466058910388425,0.1314878202660307,0.26212358559641113,0.7934361393794758,monthly,60,4.12892745412891,2.9059587820872865,-0.19607211344617914,0.515,0.6567164179104478,201,,,,,,,,,,,,,,,,,,,,,,,,,,,,,,,,,,,,,,,,,,,,,
Industrial_production_YoY,energy_gdp,real_activity_model,20,Industrial_production_YoY_t = alpha + Energy_consumption_growth_lag + Oil_price_YoY_lag + GM2_YoY_lag,261,209,52,0.06813243193964613,0.06095547956126934,1.7223207761734711,1.2728127627771004,-0.8042865149238732,19,2008-08;2008-09;2008-10;2008-11;2008-12;2009-01;2009-02;2009-03;2009-04;2009-05;2009-06;2009-07;2014-11;2020-04;2020-05;2021-04;2021-05;2021-06;2022-12,0.08707278800437178,0.2448346472465443,0.7144843614326524,0.3426732066683905,0.7321244222678243,-0.2538583511068917,0.10099725759032813,-2.5135172693164503,0.01256563600613081,0.0002162871278637013,0.010417950768968289,0.020761004986503757,0.9834524138356904,0.039922828960612416,0.13025953783271438,0.30648680031310455,0.759482184100321,monthly,60,4.178851699182958,2.9081903363248407,-0.22517119687091047,0.45,0.6716417910447762,201,,,,,,,,,,,,,,,,,,,,,,,,,,,,,,,,,,,,,,,,,,,,,
Industrial_production_YoY,energy_gdp,real_activity_model,21,Industrial_production_YoY_t = alpha + Energy_consumption_growth_lag + Oil_price_YoY_lag + GM2_YoY_lag,261,209,52,0.06805620543776092,0.06151754880648408,1.7084640314650197,1.2435033437680059,-0.7753709210517099,18,2008-09;2008-10;2008-11;2008-12;2009-01;2009-02;2009-03;2009-05;2009-06;2009-07;2009-08;2014-12;2020-04;2020-05;2021-04;2021-05;2021-06;2023-01,0.08103126023074551,0.18445866279705606,0.6984931762914075,0.26408083723369247,0.7919292679226648,-0.2675583675254011,0.10135028287306047,-2.639937057309583,0.008799321492246381,0.0036686530512475,0.010275148167181126,0.35704137707378236,0.7213538230561447,0.043391194554760606,0.12866756546331556,0.3372349076359254,0.7362150766210402,monthly,60,4.239229301647026,2.882595935094348,-0.26083041562800524,0.52,0.6467661691542289,201,,,,,,,,,,,,,,,,,,,,,,,,,,,,,,,,,,,,,,,,,,,,,
Industrial_production_YoY,energy_gdp,real_activity_model,22,Industrial_production_YoY_t = alpha + Energy_consumption_growth_lag + Oil_price_YoY_lag + GM2_YoY_lag,261,209,52,0.07676237364064409,0.07045934798565812,1.7113135821409053,1.3136074137141307,-0.7812981495808269,17,2008-09;2008-10;2008-11;2008-12;2009-01;2009-02;2009-03;2009-05;2009-06;2009-08;2015-01;2020-04;2020-05;2021-04;2021-05;2021-06;2023-02,0.085451302210547,0.1328975115219769,0.6962575863893815,0.19087405885392258,0.8487749619757334,-0.3006068801621757,0.10396689885646943,-2.8913710370180015,0.004163754614341819,0.008179926980488417,0.010343488984117868,0.7908286065802806,0.4297731917499692,0.04382867378117111,0.1276680495749064,0.3433018200489983,0.7316520739362187,monthly,60,4.304532558323222,2.8837148769960366,-0.2999745627561967,0.49,0.681592039800995,201,,,,,,,,,,,,,,,,,,,,,,,,,,,,,,,,,,,,,,,,,,,,,
Industrial_production_YoY,energy_gdp,real_activity_model,23,Industrial_production_YoY_t = alpha + Energy_consumption_growth_lag + Oil_price_YoY_lag + GM2_YoY_lag,261,209,52,0.08921818364888567,0.08058798925784583,1.7841568680766888,1.463592316445194,-0.9361700351150599,16,2008-09;2008-10;2008-11;2008-12;2009-01;2009-02;2009-03;2009-04;2009-05;2009-06;2010-05;2020-04;2020-05;2021-04;2021-05;2021-06,0.08270426687889444,0.04536874307088704,0.7081981811286473,0.0640622134874498,0.948970488615501,-0.33076161190439296,0.1064818858632917,-3.1062711673706267,0.0021070695665408312,0.012675215566088138,0.010468042024868177,1.2108487466879228,0.22706570114932045,0.04811848344153202,0.12754146438355493,0.3772771754982011,0.7062789873921829,monthly,60,4.345180521999027,2.848498861558417,-0.32464196159050696,0.5,0.7213930348258707,201,,,,,,,,,,,,,,,,,,,,,,,,,,,,,,,,,,,,,,,,,,,,,
Industrial_production_YoY,energy_gdp,real_activity_model,24,Industrial_production_YoY_t = alpha + Energy_consumption_growth_lag + Oil_price_YoY_lag + GM2_YoY_lag,261,209,52,0.10553145657089169,0.09072653066742487,1.9715222902445995,1.6253736883255303,-1.3641814507431405,16,2008-09;2008-10;2008-11;2008-12;2009-01;2009-02;2009-03;2009-04;2009-05;2009-06;2010-06;2020-04;2020-05;2021-04;2021-05;2021-06,0.08712739685751288,-0.039574872202511276,0.7365617706219295,-0.05372919662813277,0.9571926624995495,-0.35518262774636133,0.10928478603058875,-3.250064722155799,0.001307741731136458,0.01725133327323597,0.010362154476428798,1.664840387438564,0.09716320412655977,0.052373555871049304,0.1283334294177775,0.4081053246115015,0.6835361433396987,monthly,60,4.301875544374076,2.931839714539929,-0.29837021455945223,0.46,0.6965174129353234,201,,,,,,,,,,,,,,,,,,,,,,,,,,,,,,,,,,,,,,,,,,,,,
Real_GDP_growth,energy_gdp,real_activity_model,0,Real_GDP_growth_t = alpha + Energy_consumption_growth_lag + Oil_price_YoY_lag + GM2_YoY_lag,88,71,17,0.7207031771033079,0.6665690952357763,1.3208589136346753,1.0842181392112522,-3.622674148596964,9,2009-06;2009-09;2010-03;2012-03;2015-03;2020-06;2021-06;2022-06;2022-12,0.795070513136609,2.812713979573195,0.3521182827993607,7.987980508174572,6.411315922605354e-12,0.3170436233773634,0.06430398633312268,4.930388323593801,4.081517314791228e-06,0.023408840745387627,0.006502576223060792,3.5999333098734487,0.0005373470016458715,-0.12182592207619353,0.04126329106723728,-2.9524043992923854,0.004087223435714549,quarterly,32,1.8210727737827304,1.2002532816814682,0.28758325547987673,0.4909090909090909,0.9821428571428571,56,,,,,,,,,,,,,,,,,,,,,,,,,,,,,,,,,,,,,,,,,,,,,
Real_GDP_growth,energy_gdp,real_activity_model,1,Real_GDP_growth_t = alpha + Energy_consumption_growth_lag + Oil_price_YoY_lag + GM2_YoY_lag,87,70,17,0.28898276729022443,0.27369336330530913,0.9317787064972202,0.7469304280556706,-1.3004138917238586,6,2008-12;2009-03;2009-06;2020-06;2021-06;2021-09,0.755820506595612,2.2194237964949197,0.5012447027763782,4.427824940995093,2.878366359193585e-05,0.25944334658975193,0.07980991395382098,3.2507658978290483,0.0016638115737150905,0.008573702464631905,0.006693023860962656,1.2809908709034172,0.2037645840970268,-0.023989785986872875,0.0854615037582247,-0.2807086808903024,0.7796323764786275,quarterly,32,2.3014303484551224,1.3601005239451842,-0.11751505021530928,0.4444444444444444,0.9636363636363636,55,,,,,,,,,,,,,,,,,,,,,,,,,,,,,,,,,,,,,,,,,,,,,
Real_GDP_growth,energy_gdp,real_activity_model,2,Real_GDP_growth_t = alpha + Energy_consumption_growth_lag + Oil_price_YoY_lag + GM2_YoY_lag,86,69,17,0.08831479985081958,0.08415653334112572,0.9015654543675713,0.6885391632056667,-1.1536490964426367,7,2008-12;2009-03;2009-06;2009-09;2020-06;2021-06;2021-09,1.1323034003548285,2.0440934607916663,0.6180299362322623,3.307434382957582,0.0013992998134537693,0.18543044776966178,0.08092643614060899,2.2913457778800237,0.024508886748456638,-0.0018002307846109178,0.009379399261973677,-0.191934550852258,0.8482679783061773,0.013812101478329966,0.11505565675038411,0.12004713082726248,0.9047394585696484,quarterly,32,2.346757600111621,1.2751476391251588,-0.1409097839912512,0.49056603773584906,0.9444444444444444,54,,,,,,,,,,,,,,,,,,,,,,,,,,,,,,,,,,,,,,,,,,,,,
Real_GDP_growth,energy_gdp,real_activity_model,3,Real_GDP_growth_t = alpha + Energy_consumption_growth_lag + Oil_price_YoY_lag + GM2_YoY_lag,85,68,17,0.012051771935975397,0.009507082596935112,0.9889647613369088,0.8080787091772514,-1.5914453395553214,9,2008-12;2009-03;2009-06;2009-09;2020-06;2021-06;2021-09;2021-12;2022-03,0.5808762777277092,2.1327994737662808,0.6163346427337989,3.460456910723187,0.0008631564329744101,0.07160404976116927,0.08929815172782399,0.8018536596302083,0.4249838078353392,-0.004793001673371294,0.00965299106703506,-0.49653020914308965,0.6208652352769555,0.0050473749208639965,0.11180535679045624,0.045144303151088756,0.9641033997563788,quarterly,32,2.391512773127899,1.3337220945459463,-0.16655773202661672,0.4423076923076923,0.9245283018867925,53,,,,,,,,,,,,,,,,,,,,,,,,,,,,,,,,,,,,,,,,,,,,,
Real_GDP_growth,energy_gdp,real_activity_model,4,Real_GDP_growth_t = alpha + Energy_consumption_growth_lag + Oil_price_YoY_lag + GM2_YoY_lag,84,68,16,0.07565123114424066,0.0451767753442206,1.3981003221630226,1.026535154555782,-6.403332651932195,7,2009-03;2009-06;2009-09;2020-06;2021-06;2021-12;2022-06,1.0568421659057219,2.3283311597493976,0.6253473996478689,3.7232603206801107,0.0003645038321944405,-0.06324496314139785,0.1473501437352147,-0.42921548318980807,0.6689201226660946,-0.006927817292715507,0.009028493156576273,-0.7673281878349044,0.44514518305205963,-0.02047948809960165,0.09333458420644233,-0.21942014606615745,0.8268816597865132,quarterly,32,2.5693103412775233,1.5272567814068763,-0.32408437547802915,0.43137254901960786,0.9423076923076923,52,,,,,,,,,,,,,,,,,,,,,,,,,,,,,,,,,,,,,,,,,,,,,
Real_GDP_growth,energy_gdp,real_activity_model,5,Real_GDP_growth_t = alpha + Energy_consumption_growth_lag + Oil_price_YoY_lag + GM2_YoY_lag,83,67,16,0.07896088020512737,0.055613947286696885,1.2908223386196291,0.8585526217701324,-5.310787221031203,7,2009-03;2009-06;2009-09;2020-06;2021-06;2021-12;2022-09,0.2560822576737597,2.577751470823664,0.6268922937986363,4.1119527171148516,9.536027008394399e-05,-0.11191717020228883,0.11265392268940656,-0.9934600369917965,0.32351903298824003,4.7673688315069684e-05,0.008061080684728533,0.005914056710210829,0.9952962019303786,-0.06792240158664076,0.08513241864187823,-0.797844142927104,0.42735268321587183,quarterly,32,2.4989048101851488,1.45153615977856,-0.23288606540189405,0.5,0.9411764705882353,51,,,,,,,,,,,,,,,,,,,,,,,,,,,,,,,,,,,,,,,,,,,,,
Real_GDP_growth,energy_gdp,real_activity_model,6,Real_GDP_growth_t = alpha + Energy_consumption_growth_lag + Oil_price_YoY_lag + GM2_YoY_lag,83,67,16,0.08555937679296743,0.06946564134507593,1.1611511519945106,0.8791476399100133,-4.106556096148026,6,2009-03;2009-06;2009-09;2020-06;2021-06;2021-12,0.17253253070746533,2.6983359498075314,0.6586625285803263,4.096689628941689,0.00010068721932232627,-0.1342595392073196,0.09115841408893645,-1.4728156533782235,0.144773911922782,-9.888415277742313e-05,0.006579263599515754,-0.015029668789178958,0.9880464032384482,-0.08383308216681043,0.09161558803125941,-0.9150526015093242,0.36294864960682616,quarterly,32,2.45431896185333,1.4201790135732213,-0.18928385553986682,0.5,0.9411764705882353,51,,,,,,,,,,,,,,,,,,,,,,,,,,,,,,,,,,,,,,,,,,,,,
Real_GDP_growth,energy_gdp,real_activity_model,7,Real_GDP_growth_t = alpha + Energy_consumption_growth_lag + Oil_price_YoY_lag + GM2_YoY_lag,83,67,16,0.10898584518124421,0.07401718835294846,1.4629851509280294,1.0256369711902147,-7.106444777077709,7,2008-12;2009-03;2009-06;2009-09;2020-06;2021-06;2023-03,0.19912863158411276,2.7931019446480603,0.6463618652014875,4.321266607796206,4.4751481892424394e-05,-0.1339528922059087,0.0951108631185808,-1.4083868846705876,0.16293999214315558,-0.0016827291639855552,0.006636059766318225,-0.2535735396064939,0.8004837998520054,-0.09436732000091358,0.09487896905021387,-0.9946073502439776,0.3229640041777757,quarterly,32,2.5276562045969007,1.5449936697934727,-0.26141945648338893,0.54,0.9215686274509803,51,,,,,,,,,,,,,,,,,,,,,,,,,,,,,,,,,,,,,,,,,,,,,
Real_GDP_growth,energy_gdp,real_activity_model,8,Real_GDP_growth_t = alpha + Energy_consumption_growth_lag + Oil_price_YoY_lag + GM2_YoY_lag,83,67,16,0.09331863821142128,0.06182913015111502,1.555424453246161,1.1904134118814396,-8.163226820742999,6,2009-03;2009-06;2009-09;2020-06;2021-06;2023-06,0.18977203918815938,2.717551269422551,0.6138816920179628,4.426832245948512,3.0325291008992394e-05,-0.13757598091169243,0.09476997118356059,-1.4516832620453222,0.15054952665599508,0.002100567840656306,0.005871879850624813,0.35773345063128115,0.7214968025740067,-0.0906956507760049,0.09252621090577155,-0.9802157668422098,0.3299719708423785,quarterly,32,2.5751463956304947,1.604553688548002,-0.3092644172401635,0.4,0.9411764705882353,51,,,,,,,,,,,,,,,,,,,,,,,,,,,,,,,,,,,,,,,,,,,,,
Energy_consumption_growth,energy_gdp,energy_demand_model,0,Energy_consumption_growth_t = alpha + Real_activity_growth_lag + Oil_price_YoY_lag + GM2_YoY_lag,264,212,52,0.5215968295634499,0.48433887676971643,2.565658701167419,1.9704589522900287,-0.012851303189109986,20,2006-01;2007-02;2008-08;2008-12;2009-01;2009-06;2009-08;2011-12;2012-01;2012-03;2013-03;2016-12;2017-02;2020-04;2020-05;2020-11;2021-04;2021-05;2021-06;2024-01,0.07274663070390956,0.12730810122593636,0.4286863939901882,0.2969725725161461,0.7667245610454632,,,,,0.01736784016512888,0.008009913831894349,2.1682930090923804,0.031043530298001443,-0.07299178032741727,0.05558411048246077,-1.3131770877299436,0.19028103069295987,monthly,60,3.1010179085165404,2.30818384775725,0.4881099234925247,0.5467980295566502,0.6764705882352942,204,0.5383050490415549,0.08711002004820063,6.179599645869605,2.469452864417576e-09,,,,,,,,,,,,,,,,,,,,,,,,,,,,,,,,,,,,,,,,,
Energy_consumption_growth,energy_gdp,energy_demand_model,1,Energy_consumption_growth_t = alpha + Real_activity_growth_lag + Oil_price_YoY_lag + GM2_YoY_lag,263,211,52,0.418728428889494,0.3869693265173135,2.6275109092966864,2.0745219336487932,-0.062275047003242046,16,2006-01;2007-02;2008-08;2008-09;2009-08;2009-09;2011-12;2012-03;2017-02;2017-03;2020-04;2020-05;2020-11;2021-03;2021-04;2023-01,0.20336988681916435,-0.05746371682640688,0.46542095982674564,-0.12346611301690823,0.9018337649191901,,,,,0.019933872335944014,0.009100413022112914,2.190436004113999,0.02938433162789278,-0.04575795498621121,0.06084707631499112,-0.752015672032177,0.4527244894441804,monthly,60,3.6463710932488755,2.691948073163515,0.28624591579002256,0.4603960396039604,0.6305418719211823,203,0.4540136884027952,0.07885681191784472,5.757444123860849,2.409901544986326e-08,,,,,,,,,,,,,,,,,,,,,,,,,,,,,,,,,,,,,,,,,
Energy_consumption_growth,energy_gdp,energy_demand_model,2,Energy_consumption_growth_t = alpha + Real_activity_growth_lag + Oil_price_YoY_lag + GM2_YoY_lag,262,210,52,0.2966622064105151,0.27106996517319837,2.70499108967516,2.0894888655658863,-0.12584758854180245,13,2008-08;2008-09;2009-08;2009-09;2011-12;2012-03;2017-02;2020-04;2020-05;2020-11;2021-04;2021-05;2023-01,0.2557508054078494,-0.41730765653755314,0.5336325665626845,-0.7820130979366174,0.43492396513532694,,,,,0.0165529234255678,0.008773921593848232,1.8866048948025427,0.06033638272373287,0.011352524311031315,0.07657284870717156,0.14825782901776874,0.882255101543991,monthly,60,4.078531222855913,2.917080790867088,0.09459727852810118,0.4527363184079602,0.6287128712871287,202,0.37790943467970434,0.08360377622500857,4.5202436031431255,9.417821540624871e-06,,,,,,,,,,,,,,,,,,,,,,,,,,,,,,,,,,,,,,,,,
Energy_consumption_growth,energy_gdp,energy_demand_model,3,Energy_consumption_growth_t = alpha + Real_activity_growth_lag + Oil_price_YoY_lag + GM2_YoY_lag,261,209,52,0.22340950208367982,0.19865783258279268,2.8284862452255326,2.2242363638980516,-0.2309943694289034,13,2008-08;2008-09;2009-09;2010-02;2012-03;2020-04;2020-05;2020-11;2021-04;2021-05;2021-06;2021-07;2023-01,0.1753354715002713,-0.8343068317141102,0.6266637962787315,-1.3313467870146787,0.1842546557968172,,,,,0.003076398676743586,0.009682717310367957,0.3177205920748582,0.7509548832463435,0.08419345722867935,0.09788603934569075,0.8601171095639576,0.39052613324753693,monthly,60,4.19885030023073,3.0456836203503834,0.03336360689819895,0.5,0.6318407960199005,201,0.38426717471525834,0.08661804735693361,4.436340767782252,1.3579642385463941e-05,,,,,,,,,,,,,,,,,,,,,,,,,,,,,,,,,,,,,,,,,
Energy_consumption_growth,energy_gdp,energy_demand_model,4,Energy_consumption_growth_t = alpha + Real_activity_growth_lag + Oil_price_YoY_lag + GM2_YoY_lag,260,208,52,0.18814064751787996,0.1620029996972847,2.9362462175637427,2.4029414502142767,-0.3265782266591717,12,2008-08;2008-09;2009-09;2010-02;2010-06;2011-12;2020-04;2020-05;2020-11;2021-04;2021-05;2021-06,0.18344821576463444,-0.9957579420647162,0.7070229634970197,-1.408381330557609,0.16023148231156292,,,,,-0.0034214773682305077,0.011861945377135698,-0.28844150427682136,0.7732422075501879,0.11561806244835449,0.11476773578884686,1.0074091089596129,0.31468945580590635,monthly,60,4.177447308525837,3.1781630495236537,0.033070327618091366,0.46733668341708545,0.62,200,0.3738515406959941,0.0957576612563455,3.904142350502742,0.00012099888013317184,,,,,,,,,,,,,,,,,,,,,,,,,,,,,,,,,,,,,,,,,
Energy_consumption_growth,energy_gdp,energy_demand_model,5,Energy_consumption_growth_t = alpha + Real_activity_growth_lag + Oil_price_YoY_lag + GM2_YoY_lag,259,208,51,0.13940445525184852,0.12231486991424367,2.8718798924131153,2.324797092414392,-0.24835738720731926,19,2008-08;2008-09;2009-02;2009-05;2009-12;2010-05;2010-06;2010-07;2011-12;2012-01;2012-03;2020-04;2020-05;2020-11;2021-04;2021-05;2021-06;2021-07;2021-08,0.16968042372193057,-0.8530921733212057,0.7442989192520575,-1.146168765337553,0.2527997471255228,,,,,-0.0051669579311029445,0.013135594537978797,-0.39335546755525813,0.6943856285462691,0.10192395971960777,0.12268154842447605,0.8308010538549173,0.40686322422837584,monthly,60,4.256058447113295,3.238426651921983,-0.0020736552714926137,0.5151515151515151,0.6582914572864321,199,0.3369597103320884,0.10395313624779459,3.2414578577876925,0.0013475359367849382,,,,,,,,,,,,,,,,,,,,,,,,,,,,,,,,,,,,,,,,,
Energy_consumption_growth,energy_gdp,energy_demand_model,6,Energy_consumption_growth_t = alpha + Real_activity_growth_lag + Oil_price_YoY_lag + GM2_YoY_lag,259,208,51,0.09845286412457066,0.08634184820784108,2.8584845380406816,2.315406207317069,-0.23673908043638714,18,2008-08;2008-09;2009-02;2009-05;2009-12;2010-02;2010-05;2010-06;2010-07;2010-08;2020-04;2020-05;2020-11;2021-04;2021-05;2021-06;2021-08;2021-09,0.13726219460060826,-0.8809973934350054,0.7247676503484709,-1.2155583834507773,0.22527736662722275,,,,,-0.007533666520471827,0.012941094664739408,-0.5821506383844639,0.5609795537625337,0.1125045229924595,0.11702092557909852,0.9614051712179782,0.33725922676822506,monthly,60,4.366904640184271,3.313567458507388,-0.05495004404371229,0.4393939393939394,0.6482412060301508,199,0.2946637969911974,0.10903238947168215,2.702534525923853,0.007343448927024321,,,,,,,,,,,,,,,,,,,,,,,,,,,,,,,,,,,,,,,,,
Energy_consumption_growth,energy_gdp,energy_demand_model,7,Energy_consumption_growth_t = alpha + Real_activity_growth_lag + Oil_price_YoY_lag + GM2_YoY_lag,259,208,51,0.05003046459894345,0.04545131082453935,2.7738934494378458,2.2124813477949448,-0.16462454731556941,15,2008-08;2008-09;2009-02;2009-04;2009-05;2010-02;2010-06;2010-07;2020-04;2020-05;2020-11;2021-04;2021-05;2021-06;2021-11,0.12682247399958255,-0.7795085887284117,0.7160594031048997,-1.0886088295864706,0.2773541892718747,,,,,-0.004805800089495937,0.013331927739433433,-0.3604730076117386,0.7187918495609491,0.10161372085350426,0.11162437127603253,0.9103184160583244,0.3635142702221077,monthly,60,4.489722191978767,3.362791115846771,-0.11512465072542954,0.3888888888888889,0.628140703517588,199,0.20366978846909517,0.11425010014833462,1.7826661701360793,0.0758302710638985,,,,,,,,,,,,,,,,,,,,,,,,,,,,,,,,,,,,,,,,,
Energy_consumption_growth,energy_gdp,energy_demand_model,8,Energy_consumption_growth_t = alpha + Real_activity_growth_lag + Oil_price_YoY_lag + GM2_YoY_lag,259,208,51,0.020781377440364013,0.018738447639499833,2.7730881675215047,2.235229153522043,-0.16394844711792556,16,2008-08;2008-09;2009-02;2009-03;2009-04;2009-05;2010-02;2010-07;2010-08;2020-04;2020-05;2020-11;2021-04;2021-05;2021-06;2021-11,0.10547539352242519,-0.6724711515063851,0.7220585063899521,-0.931325018063305,0.3525663497473892,,,,,-0.0066043729946685115,0.013264529189752124,-0.4978972792921215,0.6189855514389566,0.09573903301308714,0.10731910506833306,0.8920968261161648,0.3731820692180301,monthly,60,4.654895788859671,3.438897359427742,-0.19868315772556988,0.4090909090909091,0.6180904522613065,199,0.12375732155134751,0.11584297126566541,1.068319641659846,0.2863866390249048,,,,,,,,,,,,,,,,,,,,,,,,,,,,,,,,,,,,,,,,,
Energy_consumption_growth,energy_gdp,energy_demand_model,9,Energy_consumption_growth_t = alpha + Real_activity_growth_lag + Oil_price_YoY_lag + GM2_YoY_lag,259,208,51,0.015881026053163327,0.008406298698108383,2.9384816280877457,2.3440415094065847,-0.3069300667123507,18,2008-08;2008-09;2009-02;2009-03;2009-04;2009-05;2009-06;2009-11;2010-05;2010-09;2011-12;2013-03;2020-04;2020-05;2021-04;2021-05;2021-06;2022-01,0.10297357674108493,-0.5287555541700437,0.7321508982529811,-0.7221947762841399,0.47083648931832434,,,,,-0.003219874384107438,0.01445033200045139,-0.22282355754918692,0.8238512110880583,0.07774112755472351,0.1045024214206431,0.7439169973086074,0.45761161232712166,monthly,60,4.637999874782232,3.4427826157492016,-0.1899972096008573,0.41414141414141414,0.592964824120603,199,0.03726596324449075,0.12255125793889649,0.30408470603436316,0.7613113483495066,,,,,,,,,,,,,,,,,,,,,,,,,,,,,,,,,,,,,,,,,
Energy_consumption_growth,energy_gdp,energy_demand_model,10,Energy_consumption_growth_t = alpha + Real_activity_growth_lag + Oil_price_YoY_lag + GM2_YoY_lag,259,208,51,0.024669043075762676,0.011386444398748252,3.04081147817302,2.4164084850976453,-0.3995402131184105,21,2008-08;2008-09;2009-02;2009-03;2009-04;2009-05;2009-06;2009-07;2009-11;2010-05;2010-06;2015-11;2020-04;2020-05;2021-02;2021-04;2021-05;2021-06;2022-01;2022-02;2022-03,0.1271840603997397,-0.37856705685799247,0.7300256218232051,-0.5185668085354851,0.6045125504692495,,,,,-0.005011554205830668,0.014703387225668215,-0.34084351645733874,0.7335020388804456,0.06432344862077843,0.09869659769974673,0.6517291387942494,0.5151628768197583,monthly,60,4.657863401327724,3.4305341466895207,-0.2002120258919582,0.4444444444444444,0.5678391959798995,199,-0.020270816074883367,0.12554827990829578,-0.16145833371584045,0.8718602748623772,,,,,,,,,,,,,,,,,,,,,,,,,,,,,,,,,,,,,,,,,
Energy_consumption_growth,energy_gdp,energy_demand_model,11,Energy_consumption_growth_t = alpha + Real_activity_growth_lag + Oil_price_YoY_lag + GM2_YoY_lag,259,208,51,0.047831874541073405,0.0335330297277151,3.0274039607834533,2.338375472020449,-0.38722574241881924,18,2008-08;2008-09;2009-02;2009-03;2009-04;2009-05;2009-06;2009-07;2009-11;2013-03;2018-01;2020-04;2020-05;2020-11;2021-04;2021-05;2021-06;2022-03,0.18076012779032669,-0.14156604097396186,0.70211004743238,-0.20162941905142873,0.8403671948727429,,,,,0.0003008025398108932,0.015691002486825433,0.01917038379564688,0.9847201747684784,0.03436467359580474,0.08892102703701693,0.38646285069895864,0.6994761865996881,monthly,60,4.486041635793289,3.3083980798362025,-0.11329710039362206,0.4090909090909091,0.5628140703517588,199,-0.15510315337815325,0.13263984984831254,-1.1693556163968057,0.24335226063007132,,,,,,,,,,,,,,,,,,,,,,,,,,,,,,,,,,,,,,,,,
Energy_consumption_growth,energy_gdp,energy_demand_model,12,Energy_consumption_growth_t = alpha + Real_activity_growth_lag + Oil_price_YoY_lag + GM2_YoY_lag,259,208,51,0.09308057421688087,0.07405023094842145,3.0081851708133467,2.3083402284390324,-0.36966867009143933,15,2008-08;2008-09;2009-02;2009-04;2009-05;2009-06;2009-07;2009-11;2020-04;2020-05;2021-04;2021-05;2021-06;2022-04;2022-05,0.1556130997551683,0.06663133201775186,0.6697490438166771,0.09948701328193327,0.9208297648406472,,,,,0.0022220485897931075,0.015326842116210639,0.144977587225416,0.8848430907334177,0.010802365027733518,0.08043514223315149,0.134299072865707,0.8932720222036163,monthly,60,4.294002051089678,3.175397482603462,-0.020020671042115135,0.4696969696969697,0.5728643216080402,199,-0.2566706393982591,0.13377413287971318,-1.9186866240355438,0.05614039631047407,,,,,,,,,,,,,,,,,,,,,,,,,,,,,,,,,,,,,,,,,
Energy_consumption_growth,energy_gdp,energy_demand_model,13,Energy_consumption_growth_t = alpha + Real_activity_growth_lag + Oil_price_YoY_lag + GM2_YoY_lag,259,208,51,0.10572446653936085,0.08621340445244619,2.998604311493935,2.3573447470482916,-0.360957965921054,14,2008-08;2008-09;2009-02;2009-05;2009-06;2009-07;2009-10;2020-04;2020-05;2020-11;2021-04;2021-05;2021-06;2022-05,0.1432246793987673,0.13693327074346223,0.6572141720828463,0.20835410519145176,0.8351188108094225,,,,,0.00041844163821336267,0.014783595306503718,0.028304457037543394,0.9774414646424261,0.004903261873043435,0.08054478835323202,0.06087621524983102,0.9515054760170121,monthly,60,4.212778671944087,3.1133927764152127,0.018202856964394498,0.398989898989899,0.5778894472361809,199,-0.2697196965874212,0.11404464941159,-2.3650359572240522,0.018777555957427028,,,,,,,,,,,,,,,,,,,,,,,,,,,,,,,,,,,,,,,,,
Energy_consumption_growth,energy_gdp,energy_demand_model,14,Energy_consumption_growth_t = alpha + Real_activity_growth_lag + Oil_price_YoY_lag + GM2_YoY_lag,259,208,51,0.1018156875467281,0.09006069653024207,2.846591126229928,2.259796884673086,-0.22646899030432555,15,2008-08;2008-09;2009-02;2009-05;2009-06;2009-07;2009-11;2020-04;2020-05;2020-11;2021-04;2021-05;2021-06;2022-06;2022-07,0.0866839672390201,0.1443926355039839,0.6648415515594246,0.2171835306702816,0.8282389868762077,,,,,-0.0012317470967908306,0.01378485577614492,-0.08935509495299933,0.928869849423188,0.006162181307187958,0.08516927162962426,0.07235216633042778,0.9423783669601529,monthly,60,4.2585951794447405,3.1065098314988173,-0.003268540267318043,0.4393939393939394,0.6080402010050251,199,-0.26678789717546847,0.09578601505792703,-2.7852489428036784,0.005750028053738587,,,,,,,,,,,,,,,,,,,,,,,,,,,,,,,,,,,,,,,,,
Energy_consumption_growth,energy_gdp,energy_demand_model,15,Energy_consumption_growth_t = alpha + Real_activity_growth_lag + Oil_price_YoY_lag + GM2_YoY_lag,259,208,51,0.10656122330894535,0.09590963600406277,2.8016385582146124,2.207777632954645,-0.18803873713695451,15,2008-08;2008-09;2009-02;2009-05;2009-07;2009-11;2017-02;2020-04;2020-05;2020-11;2021-04;2021-05;2021-06;2022-07;2023-01,0.1122266699817314,0.11709697078771716,0.6807654056356492,0.17200781622911718,0.8635678134919051,,,,,-0.0010146329947470223,0.013008914641507783,-0.07799520734109625,0.9378930307807352,0.010125609770894217,0.08999606473986008,0.11251169481869014,0.9105062164076421,monthly,60,4.349372448862857,3.2070775401082163,-0.046496249143261004,0.4898989898989899,0.6130653266331658,199,-0.2756849907991458,0.08524928901801224,-3.2338685046498936,0.001382392464251092,,,,,,,,,,,,,,,,,,,,,,,,,,,,,,,,,,,,,,,,,
Energy_consumption_growth,energy_gdp,energy_demand_model,16,Energy_consumption_growth_t = alpha + Real_activity_growth_lag + Oil_price_YoY_lag + GM2_YoY_lag,259,208,51,0.12007753666150367,0.10587205482601703,2.831613292783349,2.253816613839219,-0.2135963862817063,17,2008-08;2008-09;2009-02;2009-05;2009-07;2009-10;2009-11;2010-10;2016-12;2020-04;2020-05;2020-11;2021-04;2021-05;2021-06;2022-08;2022-09,0.09516641551501384,0.04866975910892047,0.6874142902662502,0.07080120357996869,0.9436114682802403,,,,,0.0026376113156086345,0.012515393299546039,0.21074937498802426,0.8332511556234947,0.016319663207669366,0.09223544892914902,0.17693482708806862,0.8597000328487359,monthly,60,4.404685700227254,3.307646288503103,-0.07328318837325298,0.47474747474747475,0.6180904522613065,199,-0.30677771559281974,0.08534963272846416,-3.594364800242534,0.0003902631799950207,,,,,,,,,,,,,,,,,,,,,,,,,,,,,,,,,,,,,,,,,
Energy_consumption_growth,energy_gdp,energy_demand_model,17,Energy_consumption_growth_t = alpha + Real_activity_growth_lag + Oil_price_YoY_lag + GM2_YoY_lag,259,208,51,0.12752660125954463,0.11287677208706903,2.8880114018453606,2.2498272448878303,-0.2624209605777068,15,2008-08;2008-09;2009-10;2009-11;2010-10;2016-12;2017-02;2020-04;2020-05;2020-11;2021-04;2021-05;2021-06;2022-09;2022-10,0.08518306778566817,0.03673828512517903,0.6855881423674203,0.05358652353338144,0.9573065505933571,,,,,0.0034040159555923655,0.011421044626108151,0.29804768889624084,0.7659094652105736,0.01817528282866923,0.09385526044514386,0.19365225499845315,0.846602344815053,monthly,60,4.430855482284566,3.2681953919443276,-0.08607457833574506,0.4797979797979798,0.6532663316582915,199,-0.31984031967167587,0.08390269963621608,-3.8120384809837367,0.0001728732289478785,,,,,,,,,,,,,,,,,,,,,,,,,,,,,,,,,,,,,,,,,
Energy_consumption_growth,energy_gdp,energy_demand_model,18,Energy_consumption_growth_t = alpha + Real_activity_growth_lag + Oil_price_YoY_lag + GM2_YoY_lag,259,208,51,0.12632684376753756,0.11084586041941191,2.9130381033078163,2.23619453595559,-0.2843953377455506,17,2008-08;2008-09;2009-05;2009-11;2010-10;2011-02;2013-12;2017-02;2020-04;2020-05;2020-11;2021-04;2021-05;2021-06;2022-10;2022-11;2022-12,0.08554263705879482,0.03905259318403242,0.6692163431739927,0.058355707511283765,0.9535109980048979,,,,,0.0010492683891505927,0.00988176368907919,0.10618229924989904,0.9155211975457827,0.020905422885432207,0.09464626172609525,0.22087954140156282,0.8253629807750724,monthly,60,4.527223650937248,3.316808377016756,-0.13383113197592067,0.48484848484848486,0.628140703517588,199,-0.3053719615590328,0.08576183815436637,-3.560697486560174,0.00044114920011972814,,,,,,,,,,,,,,,,,,,,,,,,,,,,,,,,,,,,,,,,,
Energy_consumption_growth,energy_gdp,energy_demand_model,19,Energy_consumption_growth_t = alpha + Real_activity_growth_lag + Oil_price_YoY_lag + GM2_YoY_lag,259,208,51,0.11097653247448169,0.10004195513193648,2.8417652617278812,2.130966606191823,-0.22231401629312098,14,2008-08;2008-09;2009-02;2011-02;2013-12;2017-02;2020-04;2020-05;2021-04;2021-05;2021-06;2021-12;2022-11;2022-12,0.08900312667218596,-0.03513742956628359,0.6484982385729041,-0.054182767934123605,0.9568319747556806,,,,,0.0021770605433760193,0.0091841283159851,0.2370459632610768,0.8128114552344456,0.028880109449237856,0.09487953674582633,0.30438712539886287,0.7610812308312651,monthly,60,4.520385090505074,3.2971005665548274,-0.13040832050712647,0.43434343434343436,0.6130653266331658,199,-0.29355306849971136,0.0901180881913556,-3.257426720775351,0.0012768411259074242,,,,,,,,,,,,,,,,,,,,,,,,,,,,,,,,,,,,,,,,,
Energy_consumption_growth,energy_gdp,energy_demand_model,20,Energy_consumption_growth_t = alpha + Real_activity_growth_lag + Oil_price_YoY_lag + GM2_YoY_lag,259,208,51,0.0976854529909077,0.09586833246118476,2.7386958556092815,1.9788596814629218,-0.13525650459396754,13,2008-08;2008-09;2009-02;2011-02;2013-12;2016-12;2020-04;2020-05;2021-04;2021-05;2021-06;2021-12;2022-12,0.219314648222268,-0.09303882032521874,0.6441109542281765,-0.144445331529418,0.8852629169763406,,,,,0.003614569707030335,0.009424902286403242,0.38351269829554246,0.7016592038523632,0.03476228905615353,0.09595615029929981,0.3622726521200089,0.717448343246688,monthly,60,4.646269350016883,3.306636401170345,-0.19424448238151926,0.46464646464646464,0.6030150753768844,199,-0.2926953988951545,0.09295410477416732,-3.148816285265294,0.0018345310428540262,,,,,,,,,,,,,,,,,,,,,,,,,,,,,,,,,,,,,,,,,
Energy_consumption_growth,energy_gdp,energy_demand_model,21,Energy_consumption_growth_t = alpha + Real_activity_growth_lag + Oil_price_YoY_lag + GM2_YoY_lag,259,208,51,0.09050253765631278,0.09855214291237879,2.51465989004133,1.927566014465809,0.04288328880914871,13,2008-08;2008-09;2009-02;2011-02;2011-05;2011-12;2016-12;2020-04;2020-05;2020-11;2021-04;2021-05;2021-06,0.08749656262358559,-0.05245536598251164,0.6500529380157253,-0.08069399108114285,0.9357486108828783,,,,,0.0005871034719444612,0.008646510062427512,0.06790062900587565,0.945917948322947,0.0340165677403029,0.09769974445107502,0.34817458255827205,0.7279963322246865,monthly,60,4.5168005394160495,3.303376707881303,-0.1286162608812691,0.4444444444444444,0.6130653266331658,199,-0.2825579239752137,0.0984816689615853,-2.869142318104204,0.004460683747665506,,,,,,,,,,,,,,,,,,,,,,,,,,,,,,,,,,,,,,,,,
Energy_consumption_growth,energy_gdp,energy_demand_model,22,Energy_consumption_growth_t = alpha + Real_activity_growth_lag + Oil_price_YoY_lag + GM2_YoY_lag,259,208,51,0.0713287288963731,0.07214818016404045,2.6468291666714916,2.0467886824998356,-0.060371906789022045,16,2008-08;2008-09;2009-02;2011-02;2011-05;2011-12;2016-12;2020-04;2020-05;2020-11;2021-04;2021-05;2021-06;2023-01;2023-03;2024-01,0.08810804998455952,-0.11714846616682482,0.6470296857014335,-0.18105578268766176,0.8564676125438235,,,,,-8.382174615065296e-05,0.009825473879578774,-0.008531063964748587,0.9931999486326257,0.04023805574493647,0.10001127736379598,0.40233518464691287,0.6877744122520846,monthly,60,4.626478693598932,3.340239923740856,-0.1840924466780438,0.45454545454545453,0.5979899497487438,199,-0.23495867132791892,0.10193665889845303,-2.3049477378101964,0.021973095273346788,,,,,,,,,,,,,,,,,,,,,,,,,,,,,,,,,,,,,,,,,
Energy_consumption_growth,energy_gdp,energy_demand_model,23,Energy_consumption_growth_t = alpha + Real_activity_growth_lag + Oil_price_YoY_lag + GM2_YoY_lag,259,208,51,0.05878593460697912,0.04585632936780826,2.9326608479650296,2.30501670557548,-0.30175745113131747,21,2008-08;2008-09;2009-02;2010-05;2010-07;2011-02;2011-05;2011-06;2011-12;2012-01;2016-12;2017-02;2020-04;2020-05;2020-11;2021-04;2021-05;2021-06;2023-01;2023-02;2023-03,0.08563961102465274,-0.21760987784357477,0.6594964335688948,-0.32996369163964856,0.7416983000490736,,,,,0.0002631619951250497,0.010996505190071068,0.023931420990249076,0.9809260273693123,0.04900253342906731,0.10263198672121407,0.4774586850995691,0.6334445127083412,monthly,60,4.707931800239087,3.3820826929997883,-0.22615339174360094,0.41414141414141414,0.6130653266331658,199,-0.18246553285320785,0.10366170927102035,-1.7602018540535285,0.07957246360725545,,,,,,,,,,,,,,,,,,,,,,,,,,,,,,,,,,,,,,,,,
Energy_consumption_growth,energy_gdp,energy_demand_model,24,Energy_consumption_growth_t = alpha + Real_activity_growth_lag + Oil_price_YoY_lag + GM2_YoY_lag,259,208,51,0.04722992695944428,0.03906062807942812,2.852947023922174,2.3607565830860904,-0.23195204972834627,18,2008-08;2008-09;2009-02;2010-06;2010-07;2011-05;2011-06;2011-12;2012-01;2016-12;2017-02;2020-04;2020-05;2020-11;2021-04;2021-05;2021-06;2023-02,0.07895661636647361,-0.30218583743773736,0.6778795367894238,-0.4457810289848124,0.656133673742803,,,,,0.0029399510343322,0.011487741755035988,0.25592071070394545,0.798218386405126,0.055782826940803096,0.1043051297869846,0.5348042522426715,0.5932512378961157,monthly,60,4.68201042294159,3.323907308834773,-0.21268841922497983,0.5,0.6130653266331658,199,-0.17745144511092825,0.10501470643004088,-1.6897770906891367,0.0922927334326622,,,,,,,,,,,,,,,,,,,,,,,,,,,,,,,,,,,,,,,,,
Energy_consumption_growth,energy_gdp,energy_demand_model,0,Energy_consumption_growth_t = alpha + Real_activity_growth_lag + Oil_price_YoY_lag + GM2_YoY_lag,88,71,17,0.6081464966139218,0.5838504136362997,1.7299445500502533,1.3231776554890058,0.003259973418258677,2,2008-09;2020-06,0.07280945198457298,-2.301100417778714,0.6079621703830124,-3.784940132589229,0.000287525254809351,,,,,0.016299121988659127,0.009649043099426793,1.6891956871482299,0.09489072842878166,-0.019930563522280398,0.061120374608043766,-0.32608706425790507,0.7451694794155979,quarterly,32,2.7144141060749485,2.178753258928921,0.4780342024891492,0.4727272727272727,0.5892857142857143,56,1.0751779954955376,0.1231393414610807,8.731393092883783,2.0605739337042905e-13,,,,,,,,,,,,,,,,,,,,,,,,,,,,,,,,,,,,,,,,,
Energy_consumption_growth,energy_gdp,energy_demand_model,1,Energy_consumption_growth_t = alpha + Real_activity_growth_lag + Oil_price_YoY_lag + GM2_YoY_lag,87,70,17,0.25855423729528826,0.26538495833928644,1.5391406940400583,1.2134415410420925,0.21100513870924265,5,2008-09;2010-06;2020-06;2021-06;2021-09,0.40330617031325705,-2.4211288621665665,0.7457032243386836,-3.2467726880404877,0.001684633419184678,,,,,0.006526079056587197,0.01443839902177666,0.45199464613384516,0.6524518599115989,0.09661897080785425,0.09261872896354556,1.043190420437352,0.2998890459672521,quarterly,32,4.206877914052095,2.9906188803165543,-0.2362120668459593,0.46296296296296297,0.5454545454545454,55,0.7655398422701198,0.20053286817726115,3.8175280153746187,0.00025883747504096277,,,,,,,,,,,,,,,,,,,,,,,,,,,,,,,,,,,,,,,,,
Energy_consumption_growth,energy_gdp,energy_demand_model,2,Energy_consumption_growth_t = alpha + Real_activity_growth_lag + Oil_price_YoY_lag + GM2_YoY_lag,86,69,17,0.07207715087071609,0.07853832330853605,1.823364928822035,1.5286818649121727,-0.10729854018135776,8,2008-09;2008-12;2009-03;2009-06;2010-09;2020-06;2020-12;2021-06,0.5544719098326811,-2.0654992169553723,1.1782154667814426,-1.7530742679840576,0.08332653578865168,,,,,-0.008828666502344984,0.02203129309502301,-0.4007330148196988,0.6896589307439158,0.1433194236357216,0.1512597265472755,0.9475055053132585,0.34616521614393103,quarterly,32,4.591344384435762,3.332427717114482,-0.4536095621187908,0.4528301886792453,0.5185185185185185,54,0.5109240610884638,0.2951912108952308,1.7308240971639255,0.08724455667553688,,,,,,,,,,,,,,,,,,,,,,,,,,,,,,,,,,,,,,,,,
Energy_consumption_growth,energy_gdp,energy_demand_model,3,Energy_consumption_growth_t = alpha + Real_activity_growth_lag + Oil_price_YoY_lag + GM2_YoY_lag,85,68,17,0.026146021358863125,0.008097089276321912,2.5459552711048143,2.0126787680919414,-1.1588331181557172,6,2009-03;2009-06;2020-06;2021-06;2021-09;2022-03,0.27621185252360225,-0.5851610281699133,1.1210110167215275,-0.5219940031287617,0.6030990880655605,,,,,-0.005006463809333853,0.021176151959096393,-0.23641990381464392,0.8137036867387915,0.07524991554612862,0.15166746817736415,0.4961506673146892,0.6211317897803952,quarterly,32,4.662358076073096,3.4640763590837382,-0.4739308502202544,0.46153846153846156,0.4716981132075472,53,0.026463314451079314,0.318758070931131,0.08302006086866055,0.9340404121783483,,,,,,,,,,,,,,,,,,,,,,,,,,,,,,,,,,,,,,,,,
Energy_consumption_growth,energy_gdp,energy_demand_model,4,Energy_consumption_growth_t = alpha + Real_activity_growth_lag + Oil_price_YoY_lag + GM2_YoY_lag,84,68,16,0.19018671453871916,0.09720873212177361,3.6105791323378025,2.5983401242182773,-4.4941926402565455,6,2009-03;2009-06;2018-03;2020-06;2021-06;2022-06,0.6694184002680944,1.4254010411899827,1.4472706105090098,0.9848890945755227,0.327647908651036,,,,,0.004650803145737015,0.017075262436080704,0.27237081498142507,0.7860386773714505,-0.038100854929355776,0.13764421527535928,-0.2768068011658496,0.7826423993070959,quarterly,32,3.915632400280521,3.023352167703009,-0.04171398691257311,0.5098039215686274,0.46153846153846156,52,-0.5633156417575464,0.4235681510658938,-1.329929175127977,0.18732097479964627,,,,,,,,,,,,,,,,,,,,,,,,,,,,,,,,,,,,,,,,,
Energy_consumption_growth,energy_gdp,energy_demand_model,5,Energy_consumption_growth_t = alpha + Real_activity_growth_lag + Oil_price_YoY_lag + GM2_YoY_lag,83,67,16,0.1386309020484059,0.082601747027648,3.086805832872635,1.885328778718514,-3.015769451911096,4,2009-06;2020-06;2021-06;2022-09,0.4577505370750877,1.2661199471848812,1.404021078798233,0.9017812953838358,0.36991423019183833,,,,,-0.0069574438879007605,0.012659282984976412,-0.5495922554348147,0.584149428413888,-0.05299455838860931,0.1335593781980742,-0.3967865012819702,0.6925947704874686,quarterly,32,4.333017919773679,3.043563906345018,-0.251988746647444,0.54,0.5490196078431373,51,-0.3779936767312707,0.24035280183584395,-1.5726618281297702,0.11979382544625561,,,,,,,,,,,,,,,,,,,,,,,,,,,,,,,,,,,,,,,,,
Energy_consumption_growth,energy_gdp,energy_demand_model,6,Energy_consumption_growth_t = alpha + Real_activity_growth_lag + Oil_price_YoY_lag + GM2_YoY_lag,83,67,16,0.08848678880215766,0.054741299988693704,2.606601929759869,1.5672059952272364,-1.8635157234147726,4,2009-06;2020-06;2021-06;2022-12,0.44781025768301896,1.09048435264082,1.5414259030093609,0.707451685164913,0.48136765364232525,,,,,-0.011184999796125,0.010057861678855442,-1.1120653826090223,0.2694827973999119,-0.06687534823912339,0.1390820574383312,-0.48083375721398014,0.6319636609643513,quarterly,32,4.1767800305843625,3.0676317832881432,-0.1633292897473,0.5,0.47058823529411764,51,-0.2243887867764858,0.23352914798133456,-0.9608598700253926,0.3395543718337093,,,,,,,,,,,,,,,,,,,,,,,,,,,,,,,,,,,,,,,,,
Energy_consumption_growth,energy_gdp,energy_demand_model,7,Energy_consumption_growth_t = alpha + Real_activity_growth_lag + Oil_price_YoY_lag + GM2_YoY_lag,83,67,16,0.06910322944490621,0.07685328145672188,1.5857018191649297,1.271849542193023,-0.059725039527178225,3,2009-06;2020-06;2021-06,0.15242306921725948,1.477183881786488,1.5007967800442392,0.9842664252937329,0.3279894336868119,,,,,-0.01471725255446843,0.013652050841552639,-1.0780250326693515,0.2843033077228525,-0.10157220411638279,0.1317892427013014,-0.7707169571236923,0.44317362447173947,quarterly,32,4.019601623981661,2.927427845733804,-0.07742111152544084,0.46,0.5882352941176471,51,-0.26196985700464254,0.25218570482478236,-1.0387974099747572,0.3020679731595335,,,,,,,,,,,,,,,,,,,,,,,,,,,,,,,,,,,,,,,,,
Energy_consumption_growth,energy_gdp,energy_demand_model,8,Energy_consumption_growth_t = alpha + Real_activity_growth_lag + Oil_price_YoY_lag + GM2_YoY_lag,83,67,16,0.024220546364807305,0.029738309171610577,1.6473121412015672,1.3285732248146895,-0.1436732042525264,5,2009-06;2010-06;2010-09;2020-06;2021-06,0.12181745861992929,0.9705368447427887,1.3957625912400544,0.6953452190465449,0.48887933763425884,,,,,-0.011082216813644671,0.01706173457446241,-0.6495363507900459,0.5178759056891642,-0.0826940916522327,0.1287899927562712,-0.6420847604885517,0.5226770316994238,quarterly,32,5.111610621229436,3.377808729672629,-0.7423483274147387,0.5,0.5882352941176471,51,-0.11539518382449071,0.27015347444907073,-0.42714676929407763,0.6704343744816073,,,,,,,,,,,,,,,,,,,,,,,,,,,,,,,,,,,,,,,,,
Forward_Real_GDP_growth,energy_gdp,oil_stress_model,0,Forward_Real_GDP_growth_t = alpha + Oil_price_YoY + Oil_price_burden + GM2_YoY_lag5_proxy + financial_crisis_2008_2009 + shale_regime_2014_2017 + covid_2020_2021 + war_spr_2022_2023,86,69,17,0.4082463885270975,0.38078609309131184,1.2028803857896468,1.0456181014567938,-2.833763384388164,5,2008-09;2009-09;2009-12;2020-03;2021-03,0.8109541452544107,2.4570787718687868,0.6361829119009075,3.8622206379719675,0.00023060493170934393,,,,,,,,,,,,,quarterly,32,2.833779726549151,1.633951416091624,-0.6635927395796315,0.5471698113207547,0.8888888888888888,54,,,,,0.02104706162720628,0.005891343061578031,3.5725404898706916,0.0006098024718730333,-6.9491172373431525,5.95395999030586,-1.1671420783239377,0.24670872362542196,0.05224460034603851,0.10239634461478067,0.5102193886176786,0.6113386136316024,-3.7338204803637263,1.018819487485678,-3.6648498838379497,0.0004495049010870833,0.5653832128215285,0.4626876296464451,1.2219544604068115,0.2254048938991129,-0.9160329197524689,2.199128764925069,-0.41654355777738233,0.6781563422549124,0.38839681090118683,0.8487085937627636,0.4576327066269273,0.6484885718209763,,,,,,,,,,,,,
Industrial_production_YoY,energy_gdp,regime_real_activity_model,0,Industrial_production_YoY_t = alpha + Energy_consumption_growth + WTI_YoY + GM2_YoY,24,12,12,0.9201969927592991,0.9250685028297023,6.968451892610924,6.773881636684558,-1.775141921082417,1,2009-09,0.17870973491658987,-6.206894117126455,1.245033648357414,-4.985322384913272,7.108919667508928e-05,,,,,,,,,,,,,monthly,24,,,,,,,,,,,,,,,,,,,,,,,,,,,,,,,,,,,,,,,0.6590105219057053,0.15048587790740506,4.379218376299727,0.0002899447918280895,0.06728573525313158,0.007036838622796831,9.561926720210687,6.683304576426963e-09,0.057830324931037125,0.061695534059866185,0.9373502606350979,0.35976068216710155,financial_crisis_2008_2009
,,,,,,,,,,,,,,,,,,,,,,,,,,,,,,,,,,,,,,,,,,,,,,,,,,,,,,,,,,,,,,,,,,,,,,,,,,,,,,,,,,,,financial_crisis_2008_2009
Industrial_production_YoY,energy_gdp,regime_real_activity_model,0,Industrial_production_YoY_t = alpha + Energy_consumption_growth + WTI_YoY + GM2_YoY,48,36,12,0.43614117309630895,0.37333812440731906,2.0670724003132936,1.905321372828923,-2.5889745736872776,3,2016-08;2016-09;2016-12,0.1404352247372446,-2.0832076741837278,1.1685629290914845,-1.782709020046825,0.08153398993540395,,,,,,,,,,,,,monthly,24,2.7796027522540827,2.522031387351356,-1.003834554375179,0.6956521739130435,0.4583333333333333,24,,,,,,,,,,,,,,,,,,,,,,,,,,,,,,,,,0.20658704143159984,0.07430206451029243,2.780367447299975,0.007960552299750345,-0.008900268016489651,0.01971202573188202,-0.4515146305889025,0.6538364328157993,0.4662087876470266,0.24463196943645377,1.9057557715003812,0.06322831363747294,shale_regime_2014_2017
Real_GDP_growth,energy_gdp,regime_real_activity_model,0,Real_GDP_growth_t = alpha + Energy_consumption_growth + WTI_YoY + GM2_YoY,16,8,8,0.3785268837241216,0.12673965806158782,1.088724553243709,0.9450495746748104,-5.35302963828167,1,2014-03,0.30711511092420407,2.567375051405214,0.4279407081142338,5.999370947247868,6.222742603290143e-05,,,,,,,,,,,,,quarterly,8,,,,,,,,,,,,,,,,,,,,,,,,,,,,,,,,,,,,,,,0.0474549305371783,0.08126210324279834,0.5839736930681017,0.5700528363319783,-0.005113053419023295,0.009200450678069915,-0.5557394521130045,0.5886006608407088,-0.03793603646816683,0.09736852356519102,-0.3896129373140548,0.7036491400171727,shale_regime_2014_2017
Industrial_production_YoY,energy_gdp,regime_real_activity_model,0,Industrial_production_YoY_t = alpha + Energy_consumption_growth + WTI_YoY + GM2_YoY,24,12,12,0.8269796287098363,0.924224701714947,11.656497653176551,10.736928104199999,-2.5545573031194126,1,2020-11,0.31864414302994953,0.47221316104432276,2.0957778518389207,0.2253164192139848,0.8240194531976395,,,,,,,,,,,,,monthly,24,,,,,,,,,,,,,,,,,,,,,,,,,,,,,,,,,,,,,,,0.8415911623231918,0.18742494149343028,4.490283713668341,0.00022378020143087873,0.016108838157039118,0.008718433825136955,1.8476756812208837,0.0794948515407099,-0.08509725751180286,0.16125774260932815,-0.5277095917060189,0.6035068821000482,covid_2020_2021
,,,,,,,,,,,,,,,,,,,,,,,,,,,,,,,,,,,,,,,,,,,,,,,,,,,,,,,,,,,,,,,,,,,,,,,,,,,,,,,,,,,,covid_2020_2021
Industrial_production_YoY,energy_gdp,regime_real_activity_model,0,Industrial_production_YoY_t = alpha + Energy_consumption_growth + WTI_YoY + GM2_YoY,24,12,12,0.5169954211231081,0.6507712202824498,0.8375696384135292,0.6755055149439575,-2.7380058673051026,2,2022-01;2022-02,0.7206955170105017,0.03327634442104046,0.24614814431459894,0.1351882806742202,0.8938143472198292,,,,,,,,,,,,,monthly,24,,,,,,,,,,,,,,,,,,,,,,,,,,,,,,,,,,,,,,,-0.09392811874406962,0.06973767752004628,-1.3468776432520244,0.1930844623399368,0.01254147838246171,0.011156712358290343,1.1241195416445753,0.274274022608608,0.20480485042703667,0.12319450684213244,1.6624511569292921,0.11201619345504477,war_spr_2022_2023
,,,,,,,,,,,,,,,,,,,,,,,,,,,,,,,,,,,,,,,,,,,,,,,,,,,,,,,,,,,,,,,,,,,,,,,,,,,,,,,,,,,,war_spr_2022_2023
Industrial_production_YoY,energy_gdp,regime_real_activity_model,0,Industrial_production_YoY_t = alpha + Energy_consumption_growth + WTI_YoY + GM2_YoY,139,112,27,0.33847989331432204,0.4246818347584129,1.729736694963038,1.5413157614938664,-1.856928801170679,10,2006-05;2010-01;2010-02;2010-05;2010-06;2010-07;2010-08;2010-11;2010-12;2024-01,0.14120846921997465,0.10447674066339867,0.5322141692165528,0.19630582330642174,0.8446660033905848,,,,,,,,,,,,,monthly,24,1.4466487148568563,1.0700510421469314,0.5319806489992932,0.6140350877192983,0.8956521739130435,115,,,,,,,,,,,,,,,,,,,,,,,,,,,,,,,,,0.15810175775360694,0.07445733534431542,2.123387266311532,0.035545745667407314,0.007994921904558333,0.009479491665506568,0.843391416614648,0.40050145962317885,0.2708072911832913,0.06275466534136934,4.315333206067929,3.0586367129492587e-05,normal_period
Real_GDP_growth,energy_gdp,regime_real_activity_model,0,Real_GDP_growth_t = alpha + Energy_consumption_growth + WTI_YoY + GM2_YoY,47,35,12,0.3377016085602914,0.3192000208140091,0.4286335906454961,0.3228207242520972,-0.006485099869500743,3,2010-03;2011-09;2012-03,0.6047618036979175,2.90406411903962,0.18523888031421887,15.677400522576496,0.0,,,,,,,,,,,,,quarterly,8,0.8012945503688306,0.6292629561903883,-0.8455431750896703,0.6052631578947368,1.0,39,,,,,,,,,,,,,,,,,,,,,,,,,,,,,,,,,0.025606755138319594,0.04057876846577246,0.6310382524279533,0.5313556253873206,0.017769262581559614,0.006179902169954371,2.875330724157857,0.006253566792905119,-0.08806720080487211,0.02480699509986668,-3.550095465022501,0.000947362330953494,normal_period
