section,target,model,lag_months,window_months,n_predictions,rolling_rmse,rolling_mae,rolling_r2,directional_accuracy,sign_accuracy,baseline_gm2_lag5_rmse,baseline_gm2_lag5_mae,rmse_improvement_vs_gm2_lag5,mae_improvement_vs_gm2_lag5,family,formula,n_obs,n_train,n_test,train_r2,full_r2,test_rmse,test_mae,test_r2,high_leverage_month_count,high_leverage_months,max_cooks_distance,coef_intercept,hac_se_intercept,t_intercept,p_intercept,coef_GM2_YoY_lag5,hac_se_GM2_YoY_lag5,t_GM2_YoY_lag5,p_GM2_YoY_lag5,coef_GM2_YoY_lag,hac_se_GM2_YoY_lag,t_GM2_YoY_lag,p_GM2_YoY_lag,same_lag_uso_gm2_rmse,same_lag_uso_gm2_mae,rmse_improvement_vs_same_lag_uso_gm2,mae_improvement_vs_same_lag_uso_gm2,coef_CI_zscore,hac_se_CI_zscore,t_CI_zscore,p_CI_zscore,coef_CI_monthly_change,hac_se_CI_monthly_change,t_CI_monthly_change,p_CI_monthly_change,coef_SP500_return_context,hac_se_SP500_return_context,t_SP500_return_context,p_SP500_return_context,coef_financial_crisis_2008_2009,hac_se_financial_crisis_2008_2009,t_financial_crisis_2008_2009,p_financial_crisis_2008_2009,coef_shale_regime_2014_2017,hac_se_shale_regime_2014_2017,t_shale_regime_2014_2017,p_shale_regime_2014_2017,coef_covid_2020_2021,hac_se_covid_2020_2021,t_covid_2020_2021,p_covid_2020_2021,coef_war_spr_2022_2023,hac_se_war_spr_2022_2023,t_war_spr_2022_2023,p_war_spr_2022_2023
oil_benchmark_model,WTI_YoY,locked_gm2_only_lag5,5,60,202,31.627711770995013,22.295410982989154,0.3607896178754386,0.4975124378109453,0.6831683168316832,31.627711770995013,22.295410982989154,0.0,0.0,,,,,,,,,,,,,,,,,,,,,,,,,,,,,,,,,,,,,,,,,,,,,,,,,,,,,,,,,
,WTI_YoY,locked_gm2_only_lag5,5,,,,,,,,,,,,uso_benchmark_reference,WTI_YoY_t = alpha + GM2_YoY_lag5,262,210,52,0.2604945525983362,0.2610200960665676,25.87425011986882,21.240766697829432,0.14750559529779705,15,2006-05;2008-05;2008-06;2008-09;2008-10;2008-11;2008-12;2009-01;2009-02;2009-03;2009-05;2021-03;2021-04;2021-05;2021-10,0.4668550580179725,-19.545838018888734,6.301249449626121,-3.101898786128594,0.0021347388405550394,4.057581318951095,1.0410160298129918,3.8977126218507885,0.00012361989411413532,,,,,,,,,,,,,,,,,,,,,,,,,,,,,,,,,,,,
tradable_exposure_model,USO_YoY,uso_gm2_only,0,60,170,38.10701751122947,28.33319410838469,0.10758693286652721,0.5266272189349113,0.6823529411764706,,,,,,,,,,,,,,,,,,,,,,,,,,,,,,,,,,,,,,,,,,,,,,,,,,,,,,,,,,,,,
,USO_YoY,uso_gm2_only,0,,,,,,,,,,,,uso_tradable_exposure,USO_YoY_t = alpha + GM2_YoY_lag,230,184,46,0.055106122419201986,0.024434729289630863,36.29534978449964,24.95380179307113,-0.6469039475590068,18,2008-04;2008-05;2008-06;2008-07;2020-08;2020-09;2020-10;2020-11;2020-12;2021-01;2021-02;2021-04;2021-05;2021-06;2021-10;2022-05;2022-11;2026-04,0.0938610102810948,-8.38159172585379,8.861546951265092,-0.9458384379103489,0.34523229075298345,,,,,1.212026850450003,1.245994391207882,0.9727386086184943,0.33171408354835785,,,,,,,,,,,,,,,,,,,,,,,,,,,,,,,,
tradable_exposure_model,USO_YoY,uso_gm2_ci_sp500,0,60,58,37.45342454262368,30.392402521644375,-0.01949743586480701,0.47368421052631576,0.6896551724137931,40.19102440392533,30.202411555151727,0.06811470724877271,-0.0062905892844255405,,,,,,,,,,,,,,,,,,,,,,,,,,40.19102440392533,30.202411555151727,0.06811470724877271,-0.0062905892844255405,,,,,,,,,,,,,,,,,,,,,,,,,,,,
,USO_YoY,uso_gm2_ci_sp500,0,,,,,,,,,,,,uso_tradable_exposure,USO_YoY_t = alpha + GM2_YoY_lag + CI_zscore + CI_monthly_change + SP500_return_context,118,95,23,0.4451299198898915,0.30963349397282447,46.628406277620684,42.19052393757568,-0.7934138588650772,7,2017-02;2020-03;2020-04;2021-02;2021-04;2021-10;2026-04,0.5204558300461676,10.136172083780275,6.982161686552704,1.451724056075934,0.14934912022616254,,,,,0.22760314484438943,1.1725306160180071,0.19411275214061788,0.8464361250366093,,,,,-20.09422868475595,5.64750759781836,-3.5580702348268427,0.0005473341624042671,-0.00010653685143285907,0.0003462096983938219,-0.30772347489720187,0.7588592168622461,0.6927048090583428,1.060053740597782,0.6534619732276168,0.5147859761740141,,,,,,,,,,,,,,,,
tradable_exposure_model,USO_YoY,uso_gm2_only,1,60,171,38.24150673031158,28.584253234900117,0.10263111050286189,0.5235294117647059,0.672514619883041,,,,,,,,,,,,,,,,,,,,,,,,,,,,,,,,,,,,,,,,,,,,,,,,,,,,,,,,,,,,,
,USO_YoY,uso_gm2_only,1,,,,,,,,,,,,uso_tradable_exposure,USO_YoY_t = alpha + GM2_YoY_lag,231,185,46,0.09639329941568642,0.05454699389701745,37.26553272135899,26.191398491463765,-0.7600896400820185,16,2008-04;2008-05;2008-06;2008-07;2020-09;2020-10;2020-11;2020-12;2021-01;2021-02;2021-04;2021-05;2021-06;2021-10;2022-11;2026-04,0.08275827960712848,-12.650105481954903,8.45318148510132,-1.4964904638863645,0.13590282869549553,,,,,1.8127968467383802,1.1751265704387726,1.5426396546046204,0.12429895441195393,,,,,,,,,,,,,,,,,,,,,,,,,,,,,,,,
tradable_exposure_model,USO_YoY,uso_gm2_ci_sp500,1,60,59,35.91993395665029,28.98190701199837,0.051491144754873264,0.5344827586206896,0.6779661016949152,40.25221042356192,29.658105029345773,0.10762828727477039,0.02279977148500641,,,,,,,,,,,,,,,,,,,,,,,,,,40.25221042356192,29.658105029345773,0.10762828727477039,0.02279977148500641,,,,,,,,,,,,,,,,,,,,,,,,,,,,
,USO_YoY,uso_gm2_ci_sp500,1,,,,,,,,,,,,uso_tradable_exposure,USO_YoY_t = alpha + GM2_YoY_lag + CI_zscore + CI_monthly_change + SP500_return_context,119,96,23,0.45427153916606233,0.3294232743008655,45.730559248679796,41.16892248040362,-0.6636453254641297,8,2017-02;2020-03;2020-04;2021-01;2021-02;2021-04;2021-10;2026-04,0.5431647387409999,4.967504105533052,6.920630896636275,0.7177819738873047,0.47436006296489874,,,,,1.0787094159527735,1.1162770390230223,0.9663456097752146,0.33591684234470987,,,,,-20.87845857774551,5.605905593608024,-3.7243685661691455,0.0003060380557515785,-6.128296535923283e-05,0.00032755021066753183,-0.1870948738953367,0.8519188184324378,0.5720944703661389,1.0573156464420583,0.541082005445845,0.5895068282240459,,,,,,,,,,,,,,,,
tradable_exposure_model,USO_YoY,uso_gm2_only,2,60,171,37.76150269931459,28.547231788408947,0.12501712043000957,0.5117647058823529,0.672514619883041,,,,,,,,,,,,,,,,,,,,,,,,,,,,,,,,,,,,,,,,,,,,,,,,,,,,,,,,,,,,,
,USO_YoY,uso_gm2_only,2,,,,,,,,,,,,uso_tradable_exposure,USO_YoY_t = alpha + GM2_YoY_lag,231,185,46,0.1480674137144239,0.09233468744748896,38.999818289319634,28.623011449986862,-0.9277259152066839,17,2008-04;2008-05;2008-06;2009-02;2020-09;2020-10;2020-11;2020-12;2021-01;2021-02;2021-04;2021-05;2021-06;2021-10;2022-11;2022-12;2026-04,0.10245407098708739,-16.686667696845692,7.947736956285702,-2.0995495684653416,0.036863416374588676,,,,,2.357228810409577,1.0973616285051775,2.148087512063445,0.03275651888932796,,,,,,,,,,,,,,,,,,,,,,,,,,,,,,,,
tradable_exposure_model,USO_YoY,uso_gm2_ci_sp500,2,60,59,34.129317043993254,27.80358385583378,0.14370082349632418,0.5517241379310345,0.6949152542372882,40.04797441500925,29.66250380467219,0.1477891817868769,0.06266901678561643,,,,,,,,,,,,,,,,,,,,,,,,,,40.04797441500925,29.66250380467219,0.1477891817868769,0.06266901678561643,,,,,,,,,,,,,,,,,,,,,,,,,,,,
,USO_YoY,uso_gm2_ci_sp500,2,,,,,,,,,,,,uso_tradable_exposure,USO_YoY_t = alpha + GM2_YoY_lag + CI_zscore + CI_monthly_change + SP500_return_context,119,96,23,0.47915385943698086,0.3664627652169937,44.17750117608332,40.03026787104149,-0.5525657929771164,9,2017-02;2020-03;2020-04;2020-11;2021-01;2021-02;2021-04;2021-10;2026-04,0.6037129227889718,-0.3205583290282241,6.981405531891734,-0.04591601613226488,0.9634575253007767,,,,,1.9275337756780186,1.1011132769722558,1.7505317717884403,0.08271680749208565,,,,,-21.208889593789095,5.554313098772752,-3.818454094436139,0.00021891935765228077,1.6843777048691777e-06,0.00032184722598177534,0.005233469698957592,0.9958334616107289,0.5311032684854792,1.0549740850557499,0.5034277865293849,0.6156349134422696,,,,,,,,,,,,,,,,
tradable_exposure_model,USO_YoY,uso_gm2_only,3,60,171,36.79529922165364,27.87573634808881,0.16922064361970024,0.5352941176470588,0.6549707602339181,,,,,,,,,,,,,,,,,,,,,,,,,,,,,,,,,,,,,,,,,,,,,,,,,,,,,,,,,,,,,
,USO_YoY,uso_gm2_only,3,,,,,,,,,,,,uso_tradable_exposure,USO_YoY_t = alpha + GM2_YoY_lag,231,185,46,0.18768689341626987,0.12204957534801542,40.280031925883236,31.417146919294797,-1.0563627627943197,19,2008-04;2008-05;2008-06;2008-10;2008-11;2008-12;2009-03;2020-10;2020-11;2020-12;2021-01;2021-02;2021-04;2021-06;2021-09;2021-10;2022-11;2022-12;2026-04,0.08511259323111416,-19.294692607738334,7.401533709818051,-2.606850602077802,0.009737931588720494,,,,,2.7104046450624497,1.026982419063796,2.639192837919536,0.008881105377678722,,,,,,,,,,,,,,,,,,,,,,,,,,,,,,,,
tradable_exposure_model,USO_YoY,uso_gm2_ci_sp500,3,60,59,32.780480646823555,26.808444204605635,0.21004752312571495,0.5517241379310345,0.6779661016949152,39.3657166139476,29.18707748034103,0.16728352824627202,0.0814961099595369,,,,,,,,,,,,,,,,,,,,,,,,,,39.3657166139476,29.18707748034103,0.16728352824627202,0.0814961099595369,,,,,,,,,,,,,,,,,,,,,,,,,,,,
,USO_YoY,uso_gm2_ci_sp500,3,,,,,,,,,,,,uso_tradable_exposure,USO_YoY_t = alpha + GM2_YoY_lag + CI_zscore + CI_monthly_change + SP500_return_context,119,96,23,0.5077792167602957,0.4078441180118261,42.290221614511815,38.166522005239564,-0.42274687729272475,10,2017-02;2020-03;2020-04;2020-11;2020-12;2021-01;2021-02;2021-04;2021-10;2026-04,0.6605952371728995,-4.2456529722538106,6.710183710699784,-0.6327178442944663,0.5281850089756492,,,,,2.5395384173010154,1.0291380132579293,2.467636395299043,0.015086623454555026,,,,,-20.94048054176189,5.394112094037234,-3.8820996257956786,0.00017397632780991046,3.0475685026676302e-05,0.0003252075526086578,0.09371149219080271,0.9255028440299258,0.5546598625433058,1.0440369312103792,0.5312645999028733,0.5962690429657966,,,,,,,,,,,,,,,,
tradable_exposure_model,USO_YoY,uso_gm2_only,4,60,171,35.71291635202495,27.227189841636765,0.21737872164188043,0.5705882352941176,0.6374269005847953,,,,,,,,,,,,,,,,,,,,,,,,,,,,,,,,,,,,,,,,,,,,,,,,,,,,,,,,,,,,,
,USO_YoY,uso_gm2_only,4,,,,,,,,,,,,uso_tradable_exposure,USO_YoY_t = alpha + GM2_YoY_lag,231,185,46,0.21270458609845133,0.1358236673512505,41.88685972984694,33.66838761358051,-1.2236975804546737,17,2008-05;2008-06;2008-10;2008-11;2008-12;2009-01;2009-04;2020-10;2020-11;2020-12;2021-01;2021-02;2021-04;2021-06;2021-09;2021-10;2026-04,0.08311151122174372,-20.39845943178195,7.040425710691228,-2.897333239495149,0.004128508023715005,,,,,2.8561203278405722,0.9945152165887995,2.8718719233247163,0.004463367933607243,,,,,,,,,,,,,,,,,,,,,,,,,,,,,,,,
tradable_exposure_model,USO_YoY,uso_gm2_ci_sp500,4,60,59,31.90107832646897,25.542003554467552,0.25186313122651804,0.5344827586206896,0.6949152542372882,38.77985713748833,29.350178627930998,0.17738019989686016,0.12974963872415443,,,,,,,,,,,,,,,,,,,,,,,,,,38.77985713748833,29.350178627930998,0.17738019989686016,0.12974963872415443,,,,,,,,,,,,,,,,,,,,,,,,,,,,
,USO_YoY,uso_gm2_ci_sp500,4,,,,,,,,,,,,uso_tradable_exposure,USO_YoY_t = alpha + GM2_YoY_lag + CI_zscore + CI_monthly_change + SP500_return_context,119,96,23,0.5445555871125674,0.4480070412984464,40.9463825008879,36.31635976372779,-0.3337634047080429,10,2017-02;2020-03;2020-04;2020-12;2021-01;2021-02;2021-04;2021-10;2023-02;2026-04,0.6785806087758319,-7.375488258038238,6.297974501943962,-1.1710889359367342,0.24400504023342462,,,,,3.0077677929225093,0.9124585291117249,3.296333692941158,0.0013062831704151456,,,,,-20.48899114798344,5.150498904331732,-3.9780595100702874,0.00012245136895217001,3.552770276549211e-05,0.0003314844737814968,0.10717757715829175,0.9148364945970124,0.6451108209340582,1.0183224180271417,0.6335035048956998,0.5276738285663898,,,,,,,,,,,,,,,,
tradable_exposure_model,USO_YoY,uso_gm2_only,5,60,171,34.94294950217857,26.989418680199943,0.25076140697257887,0.4764705882352941,0.6257309941520468,,,,,,,,,,,,,,,,,,,,,,,,,,,,,,,,,,,,,,,,,,,,,,,,,,,,,,,,,,,,,
,USO_YoY,uso_gm2_only,5,,,,,,,,,,,,uso_tradable_exposure,USO_YoY_t = alpha + GM2_YoY_lag,231,185,46,0.21421625128179178,0.13176629166963383,42.76258178551472,34.82605834243414,-1.3176505483672356,17,2008-04;2008-05;2008-06;2008-10;2008-11;2008-12;2009-01;2009-02;2009-05;2020-12;2021-01;2021-02;2021-04;2021-06;2021-09;2021-10;2026-04,0.0780596349881843,-20.080058977574247,6.98375082129838,-2.8752542138725783,0.004417501709961469,,,,,2.8145164406915,1.0118239228169246,2.7816267012701847,0.00585936762250161,,,,,,,,,,,,,,,,,,,,,,,,,,,,,,,,
tradable_exposure_model,USO_YoY,uso_gm2_ci_sp500,5,60,59,31.316168011171833,24.35567543193678,0.2790459935771987,0.41379310344827586,0.6949152542372882,38.348655852986724,29.893846348400707,0.18338290313941152,0.18526123577136178,,,,,,,,,,,,,,,,,,,,,,,,,,38.348655852986724,29.893846348400707,0.18338290313941152,0.18526123577136178,,,,,,,,,,,,,,,,,,,,,,,,,,,,
,USO_YoY,uso_gm2_ci_sp500,5,,,,,,,,,,,,uso_tradable_exposure,USO_YoY_t = alpha + GM2_YoY_lag + CI_zscore + CI_monthly_change + SP500_return_context,119,96,23,0.5758536964999912,0.4741346534355716,40.581884824652235,34.81761667828408,-0.31012322924764146,11,2017-02;2020-03;2020-04;2020-05;2020-12;2021-01;2021-02;2021-04;2021-10;2023-02;2026-04,0.551683597207661,-9.301401263335967,5.754360039737277,-1.6164093312035155,0.10876987967362473,,,,,3.27688474128376,0.7485361786542815,4.377723929356287,2.672596633179758e-05,,,,,-20.11375510115098,4.867519274596904,-4.132239435829798,6.883342674202098e-05,-5.012267256354619e-06,0.0003267021348766791,-0.01534200949818283,0.9877861457140726,0.8537045142406874,0.9471493183772429,0.9013410004911843,0.369307344911203,,,,,,,,,,,,,,,,
tradable_exposure_model,USO_YoY,uso_gm2_only,6,60,171,34.37288737274599,26.745412337875337,0.2750082767618549,0.4647058823529412,0.6023391812865497,,,,,,,,,,,,,,,,,,,,,,,,,,,,,,,,,,,,,,,,,,,,,,,,,,,,,,,,,,,,,
,USO_YoY,uso_gm2_only,6,,,,,,,,,,,,uso_tradable_exposure,USO_YoY_t = alpha + GM2_YoY_lag,231,185,46,0.19617303453853718,0.11651582454783505,42.57367405925099,34.65974874206008,-1.2972188991549216,15,2008-05;2008-06;2008-10;2008-11;2008-12;2009-01;2009-02;2009-03;2009-06;2021-02;2021-04;2021-06;2021-09;2021-10;2026-04,0.08819648974242993,-18.82077023843008,7.173299105523866,-2.6237258424003214,0.009282027794747849,,,,,2.649650394040423,1.0705728362990852,2.474983769623865,0.014049640504763428,,,,,,,,,,,,,,,,,,,,,,,,,,,,,,,,
tradable_exposure_model,USO_YoY,uso_gm2_ci_sp500,6,60,59,30.789367712603696,23.341010210395183,0.3030977421699115,0.43103448275862066,0.7457627118644068,37.863142231469766,29.90617341311475,0.18682481437018023,0.21952535056994443,,,,,,,,,,,,,,,,,,,,,,,,,,37.863142231469766,29.90617341311475,0.18682481437018023,0.21952535056994443,,,,,,,,,,,,,,,,,,,,,,,,,,,,
,USO_YoY,uso_gm2_ci_sp500,6,,,,,,,,,,,,uso_tradable_exposure,USO_YoY_t = alpha + GM2_YoY_lag + CI_zscore + CI_monthly_change + SP500_return_context,119,96,23,0.6009244868644235,0.49273726252660643,40.49255723994776,33.03618577642005,-0.3043619718452373,10,2017-02;2020-03;2020-04;2020-05;2021-01;2021-02;2021-04;2021-10;2026-04;2026-05,0.43422644827349843,-10.630830302662268,5.129428049085198,-2.0725176766166378,0.040471904730168484,,,,,3.4691658480060035,0.5666440953976397,6.1223012402018115,1.3426806333427521e-08,,,,,-19.73415321292738,4.646100150982075,-4.247466169827624,4.4343620035025566e-05,-4.488464075658172e-05,0.0003161699520451709,-0.141963651087783,0.8873593010737224,1.0164822796384398,0.8938233156056781,1.137229541779904,0.25782701658494367,,,,,,,,,,,,,,,,
tradable_exposure_model,USO_YoY,uso_gm2_only,7,60,171,34.02663409387105,27.11764931637453,0.28954103257858377,0.5058823529411764,0.5789473684210527,,,,,,,,,,,,,,,,,,,,,,,,,,,,,,,,,,,,,,,,,,,,,,,,,,,,,,,,,,,,,
,USO_YoY,uso_gm2_only,7,,,,,,,,,,,,uso_tradable_exposure,USO_YoY_t = alpha + GM2_YoY_lag,231,185,46,0.17414479074186395,0.10273045585310703,41.62187028670571,33.630651268501104,-1.19565095787277,16,2008-05;2008-06;2008-10;2008-11;2008-12;2009-01;2009-02;2009-03;2009-04;2009-07;2021-04;2021-06;2021-07;2021-09;2021-10;2026-04,0.08951525523658765,-17.602613100469995,7.550616563016051,-2.331281552117213,0.020607424922965967,,,,,2.4889424096278803,1.1614149017578002,2.1430260674810255,0.03316551220466635,,,,,,,,,,,,,,,,,,,,,,,,,,,,,,,,
tradable_exposure_model,USO_YoY,uso_gm2_ci_sp500,7,60,59,29.746158591734773,22.028848191422306,0.3495227546201817,0.46551724137931033,0.7288135593220338,36.74483621433802,30.103742311294567,0.19046697015545086,0.26823555810344074,,,,,,,,,,,,,,,,,,,,,,,,,,36.74483621433802,30.103742311294567,0.19046697015545086,0.26823555810344074,,,,,,,,,,,,,,,,,,,,,,,,,,,,
,USO_YoY,uso_gm2_ci_sp500,7,,,,,,,,,,,,uso_tradable_exposure,USO_YoY_t = alpha + GM2_YoY_lag + CI_zscore + CI_monthly_change + SP500_return_context,119,96,23,0.6178729690619946,0.5102030115547157,39.78179305354575,30.48032446285305,-0.2589730303243729,10,2017-02;2020-03;2020-04;2020-05;2021-01;2021-02;2021-04;2021-10;2026-04;2026-05,0.4241736634096041,-11.87982105597255,4.683616406093631,-2.5364632851905373,0.012550500624021632,,,,,3.652318405360904,0.46165971231852587,7.91127817287413,1.8109957977685553e-12,,,,,-19.163037953112394,4.493418532935893,-4.264690193591141,4.1495062227170365e-05,-3.2989587446241586e-05,0.00031019684862508323,-0.10635049192944629,0.9154911928364735,1.180153822770084,0.905563379515954,1.303226090481823,0.19512359705101767,,,,,,,,,,,,,,,,
tradable_exposure_model,USO_YoY,uso_gm2_only,8,60,171,33.78355593820249,27.20670391397877,0.29965547420826044,0.5705882352941176,0.6257309941520468,,,,,,,,,,,,,,,,,,,,,,,,,,,,,,,,,,,,,,,,,,,,,,,,,,,,,,,,,,,,,
,USO_YoY,uso_gm2_only,8,,,,,,,,,,,,uso_tradable_exposure,USO_YoY_t = alpha + GM2_YoY_lag,231,185,46,0.14744378336234565,0.08900709342030466,39.954950159858136,31.805651220004698,-1.0233047693557005,19,2008-05;2008-06;2008-10;2008-11;2008-12;2009-01;2009-02;2009-03;2009-04;2009-05;2009-08;2021-04;2021-05;2021-06;2021-07;2021-09;2021-10;2022-01;2026-04,0.10381247351316915,-16.324415772334557,7.858235808879953,-2.077363949028822,0.03888297246798289,,,,,2.3167630589156265,1.2331343638111956,1.8787596282332981,0.06154768064405891,,,,,,,,,,,,,,,,,,,,,,,,,,,,,,,,
tradable_exposure_model,USO_YoY,uso_gm2_ci_sp500,8,60,59,28.583690552492566,21.57307448396105,0.3993701195614692,0.5172413793103449,0.7288135593220338,35.0835173069356,29.45225348839817,0.18526724950574133,0.2675238078994833,,,,,,,,,,,,,,,,,,,,,,,,,,35.0835173069356,29.45225348839817,0.18526724950574133,0.2675238078994833,,,,,,,,,,,,,,,,,,,,,,,,,,,,
,USO_YoY,uso_gm2_ci_sp500,8,,,,,,,,,,,,uso_tradable_exposure,USO_YoY_t = alpha + GM2_YoY_lag + CI_zscore + CI_monthly_change + SP500_return_context,119,96,23,0.6150456716566213,0.5186308706351405,38.317021667270296,28.2246495749445,-0.16796871020186965,10,2016-08;2017-02;2020-03;2020-04;2020-05;2021-01;2021-04;2021-10;2026-04;2026-05,0.4112499572618414,-12.436514415907794,4.3883408456004185,-2.8339900781353764,0.0054387986884321116,,,,,3.7433764324663725,0.4622286730923708,8.098537910732993,6.838973831690964e-13,,,,,-18.307607810875947,4.4053466234021545,-4.155770107537503,6.296173172493091e-05,-2.7610271795097674e-05,0.0003148196371293398,-0.08770187287826119,0.9302675022355689,1.1840001452395759,0.9202885283873148,1.2865531936102488,0.20085662417948802,,,,,,,,,,,,,,,,
tradable_exposure_model,USO_YoY,uso_gm2_only,9,60,171,33.81950817527362,27.17075428971458,0.29816407702637493,0.5117647058823529,0.6491228070175439,,,,,,,,,,,,,,,,,,,,,,,,,,,,,,,,,,,,,,,,,,,,,,,,,,,,,,,,,,,,,
,USO_YoY,uso_gm2_only,9,,,,,,,,,,,,uso_tradable_exposure,USO_YoY_t = alpha + GM2_YoY_lag,231,185,46,0.12171271974086584,0.07507410268849801,38.369259188477145,29.843538459653356,-0.8658939093431111,18,2008-05;2008-06;2008-11;2008-12;2009-01;2009-02;2009-03;2009-04;2009-05;2009-06;2021-04;2021-06;2021-07;2021-09;2021-10;2022-01;2022-03;2026-04,0.09435498573415789,-14.94307789219288,8.071767684772645,-1.8512770034726014,0.06541723571007174,,,,,2.1277395409248876,1.2784905060096914,1.664259164165243,0.09742833796040551,,,,,,,,,,,,,,,,,,,,,,,,,,,,,,,,
tradable_exposure_model,USO_YoY,uso_gm2_ci_sp500,9,60,59,27.9180229816287,21.639590819120787,0.42701975120025326,0.5689655172413793,0.7457627118644068,34.11398039262213,28.581734377471896,0.18162516773719667,0.24288741427192403,,,,,,,,,,,,,,,,,,,,,,,,,,34.11398039262213,28.581734377471896,0.18162516773719667,0.24288741427192403,,,,,,,,,,,,,,,,,,,,,,,,,,,,
,USO_YoY,uso_gm2_ci_sp500,9,,,,,,,,,,,,uso_tradable_exposure,USO_YoY_t = alpha + GM2_YoY_lag + CI_zscore + CI_monthly_change + SP500_return_context,119,96,23,0.5982988042658655,0.5184721273881521,36.644718998709976,26.872171154546688,-0.06824411904611094,11,2016-08;2017-02;2020-03;2020-04;2020-05;2020-08;2021-04;2021-10;2021-11;2026-04;2026-05,0.35536292289612836,-12.285250604457405,4.5387876867577726,-2.706725110826504,0.007840043810484199,,,,,3.744005525978597,0.5480655002642523,6.831310352819887,4.345750426182349e-10,,,,,-17.570367709616573,4.382376808995847,-4.009323815685887,0.00010907863434805876,-6.113020964315652e-05,0.0003090695595479742,-0.19778786928276515,0.8435632873404497,1.0280404422247735,0.8913002544546728,1.1534165250000552,0.25115202058785213,,,,,,,,,,,,,,,,
tradable_exposure_model,USO_YoY,uso_gm2_only,10,60,171,33.94414823864923,26.96531332882301,0.29298138369852633,0.5352941176470588,0.6666666666666666,,,,,,,,,,,,,,,,,,,,,,,,,,,,,,,,,,,,,,,,,,,,,,,,,,,,,,,,,,,,,
,USO_YoY,uso_gm2_only,10,,,,,,,,,,,,uso_tradable_exposure,USO_YoY_t = alpha + GM2_YoY_lag,231,185,46,0.10748809946612203,0.06603678884729769,37.64632126186283,28.718159564863438,-0.7962434886334178,18,2008-05;2008-06;2008-11;2008-12;2009-01;2009-02;2009-03;2009-04;2009-05;2009-06;2009-07;2021-04;2021-07;2021-09;2021-10;2022-01;2022-03;2026-04,0.09684302992014401,-13.982806700649673,8.323228886767781,-1.6799738287720831,0.09432604784128129,,,,,1.9958299684547005,1.3164490085396767,1.5160708508327672,0.13088057665146557,,,,,,,,,,,,,,,,,,,,,,,,,,,,,,,,
tradable_exposure_model,USO_YoY,uso_gm2_ci_sp500,10,60,59,27.31482354054686,21.085840567114467,0.45151200139410685,0.5344827586206896,0.711864406779661,33.63366441237746,27.468793198040647,0.1878725075673056,0.23237106140438224,,,,,,,,,,,,,,,,,,,,,,,,,,33.63366441237746,27.468793198040647,0.1878725075673056,0.23237106140438224,,,,,,,,,,,,,,,,,,,,,,,,,,,,
,USO_YoY,uso_gm2_ci_sp500,10,,,,,,,,,,,,uso_tradable_exposure,USO_YoY_t = alpha + GM2_YoY_lag + CI_zscore + CI_monthly_change + SP500_return_context,119,96,23,0.5944194232143234,0.520711571475153,35.968880506048066,26.082263846041883,-0.029204226988592596,8,2017-02;2020-03;2020-04;2020-05;2021-04;2021-10;2021-11;2026-04,0.32244794163400864,-12.28523686745546,5.008578516937495,-2.452839029259602,0.015688239038174956,,,,,3.764855503339158,0.6335151930554545,5.942802232068337,3.116094404731484e-08,,,,,-17.09546059163549,4.394748129918483,-3.889975053462868,0.00016906955744189212,-0.00010107262791381189,0.00028916561979636,-0.3495319671300848,0.7273348317139834,0.9208546273393398,0.8455043004372017,1.0891187979329913,0.27839848820510515,,,,,,,,,,,,,,,,
tradable_exposure_model,USO_YoY,uso_gm2_only,11,60,171,34.3943607729954,26.735627606779953,0.2741021614211727,0.49411764705882355,0.6374269005847953,,,,,,,,,,,,,,,,,,,,,,,,,,,,,,,,,,,,,,,,,,,,,,,,,,,,,,,,,,,,,
,USO_YoY,uso_gm2_only,11,,,,,,,,,,,,uso_tradable_exposure,USO_YoY_t = alpha + GM2_YoY_lag,231,185,46,0.08674039500632424,0.05140958265944895,36.79656871576497,27.055136603269315,-0.716069070269244,18,2008-05;2008-06;2008-12;2009-01;2009-02;2009-03;2009-04;2009-05;2009-06;2009-07;2021-04;2021-09;2021-10;2022-01;2022-03;2022-04;2022-05;2026-04,0.08878060633031075,-12.248505975867204,8.522259823533233,-1.437236863166783,0.1520156377824753,,,,,1.760951579689737,1.3323054530585658,1.3217326219352556,0.1875760634760435,,,,,,,,,,,,,,,,,,,,,,,,,,,,,,,,
tradable_exposure_model,USO_YoY,uso_gm2_ci_sp500,11,60,59,27.666229233886984,21.270653142006925,0.4373086060444831,0.5862068965517241,0.6949152542372882,33.83386411689069,25.7944115249904,0.18229176725707397,0.17537746029215373,,,,,,,,,,,,,,,,,,,,,,,,,,33.83386411689069,25.7944115249904,0.18229176725707397,0.17537746029215373,,,,,,,,,,,,,,,,,,,,,,,,,,,,
,USO_YoY,uso_gm2_ci_sp500,11,,,,,,,,,,,,uso_tradable_exposure,USO_YoY_t = alpha + GM2_YoY_lag + CI_zscore + CI_monthly_change + SP500_return_context,119,96,23,0.5815752211700363,0.506946393245465,36.278527348589805,26.302115770974243,-0.047000810821646644,7,2016-08;2017-02;2020-03;2020-04;2021-04;2021-10;2026-04,0.2726906071983954,-11.467430791954852,5.373990026955703,-2.133876455749771,0.034996067670837405,,,,,3.644964184364076,0.6791027646087027,5.367323436629352,4.2566304903068897e-07,,,,,-16.842536666065346,4.47704893944524,-3.7619728740674296,0.00026786626035479877,-9.279002109607859e-05,0.00028095903177880713,-0.33026174851403295,0.7418083497131573,0.9597497687281425,0.8233146407064391,1.1657144441214313,0.2461630827972643,,,,,,,,,,,,,,,,
tradable_exposure_model,USO_YoY,uso_gm2_only,12,60,171,34.884698783568226,26.82942523871263,0.25325732157336933,0.5411764705882353,0.6023391812865497,,,,,,,,,,,,,,,,,,,,,,,,,,,,,,,,,,,,,,,,,,,,,,,,,,,,,,,,,,,,,
,USO_YoY,uso_gm2_only,12,,,,,,,,,,,,uso_tradable_exposure,USO_YoY_t = alpha + GM2_YoY_lag,231,185,46,0.07118637800676952,0.04007348593510174,36.20066319961491,26.046626634153288,-0.6609370488583186,20,2008-06;2009-01;2009-02;2009-03;2009-04;2009-05;2009-06;2009-07;2009-08;2020-04;2021-04;2021-09;2021-10;2021-12;2022-01;2022-02;2022-03;2022-04;2022-05;2026-04,0.08789408672154876,-10.683919229367062,8.640604063678573,-1.2364782775173921,0.21754748895513765,,,,,1.5534048277137062,1.3314086080649217,1.1667378581631942,0.24452979935539343,,,,,,,,,,,,,,,,,,,,,,,,,,,,,,,,
tradable_exposure_model,USO_YoY,uso_gm2_ci_sp500,12,60,59,28.5549577029433,21.78422027200699,0.400577040971798,0.4827586206896552,0.6949152542372882,34.139251439639835,25.386681100757155,0.16357399477753304,0.1419035759125962,,,,,,,,,,,,,,,,,,,,,,,,,,34.139251439639835,25.386681100757155,0.16357399477753304,0.1419035759125962,,,,,,,,,,,,,,,,,,,,,,,,,,,,
,USO_YoY,uso_gm2_ci_sp500,12,,,,,,,,,,,,uso_tradable_exposure,USO_YoY_t = alpha + GM2_YoY_lag + CI_zscore + CI_monthly_change + SP500_return_context,119,96,23,0.5514671592338477,0.47486072324320716,37.07057717401195,27.08659550592867,-0.09321709636761955,9,2016-08;2017-02;2020-03;2020-04;2021-04;2021-10;2026-03;2026-04;2026-05,0.25134181046722054,-9.609956095258573,5.5986265575261225,-1.7164845692985362,0.08878940353650422,,,,,3.3556030006122444,0.6880248484830055,4.877153794678869,3.5183270750138718e-06,,,,,-16.655814231693718,4.58638731767292,-3.6315760266284456,0.00042350454061579335,-4.060285990270529e-05,0.0002882923693840378,-0.14083917652575023,0.8882455543727947,1.1134547016836354,0.8205636760637799,1.3569388143341237,0.17748139859682488,,,,,,,,,,,,,,,,
tradable_exposure_model,USO_YoY,uso_gm2_only,13,60,171,35.4162693056849,26.810487602446642,0.23032631000288584,0.49411764705882355,0.5964912280701754,,,,,,,,,,,,,,,,,,,,,,,,,,,,,,,,,,,,,,,,,,,,,,,,,,,,,,,,,,,,,
,USO_YoY,uso_gm2_only,13,,,,,,,,,,,,uso_tradable_exposure,USO_YoY_t = alpha + GM2_YoY_lag,231,185,46,0.06283976746751763,0.032732330988562874,36.07167949520474,25.722265274461332,-0.6491222291992276,23,2008-05;2008-06;2008-12;2009-01;2009-02;2009-03;2009-04;2009-05;2009-06;2009-07;2009-08;2009-09;2020-04;2021-04;2021-09;2021-10;2021-12;2022-01;2022-02;2022-03;2022-04;2022-05;2026-04,0.08200549413296715,-9.517857493491473,8.77115038350627,-1.085132175066722,0.27900414795840156,,,,,1.4004896468425394,1.3290922607086195,1.0537189089460604,0.29312214451622687,,,,,,,,,,,,,,,,,,,,,,,,,,,,,,,,
tradable_exposure_model,USO_YoY,uso_gm2_ci_sp500,13,60,59,30.16862518531039,22.632237007455856,0.33091488304252503,0.5344827586206896,0.7457627118644068,34.77751795171972,25.129987570774134,0.13252506325516616,0.09939322716669906,,,,,,,,,,,,,,,,,,,,,,,,,,34.77751795171972,25.129987570774134,0.13252506325516616,0.09939322716669906,,,,,,,,,,,,,,,,,,,,,,,,,,,,
,USO_YoY,uso_gm2_ci_sp500,13,,,,,,,,,,,,uso_tradable_exposure,USO_YoY_t = alpha + GM2_YoY_lag + CI_zscore + CI_monthly_change + SP500_return_context,119,96,23,0.5203547835854268,0.4370437984631067,38.48517396929682,28.483075546960333,-0.17824234615055423,8,2017-02;2020-03;2020-04;2021-04;2021-10;2026-03;2026-04;2026-05,0.24288760625933695,-7.186413367214803,5.924631776672034,-1.2129721539000915,0.22764793746229373,,,,,2.9699066716306897,0.6840600422784925,4.341587708790028,3.078639726838972e-05,,,,,-16.5815755498928,4.6708134372150765,-3.550040217358669,0.0005608163019401591,-3.0219244182116967e-05,0.0003032142147468692,-0.0996630194509342,0.920786909658859,1.2146191971450373,0.8148947818166303,1.4905227328089015,0.13884858798714195,,,,,,,,,,,,,,,,
tradable_exposure_model,USO_YoY,uso_gm2_only,14,60,171,36.05242924572903,26.762987217284913,0.20242765865114043,0.5352941176470588,0.6081871345029239,,,,,,,,,,,,,,,,,,,,,,,,,,,,,,,,,,,,,,,,,,,,,,,,,,,,,,,,,,,,,
,USO_YoY,uso_gm2_only,14,,,,,,,,,,,,uso_tradable_exposure,USO_YoY_t = alpha + GM2_YoY_lag,231,185,46,0.05663681241632379,0.026315457443277124,36.15305144355278,25.472860422015174,-0.6565709340513839,21,2008-05;2008-06;2008-12;2009-01;2009-02;2009-03;2009-04;2009-05;2009-06;2009-07;2009-08;2009-09;2020-04;2021-04;2021-10;2022-01;2022-02;2022-03;2022-04;2022-05;2026-04,0.07470576383843427,-8.402699868314032,8.858918049749475,-0.9485018171662234,0.34387391582316074,,,,,1.2524825635210435,1.3067697910905123,0.9584569310221308,0.3388432095605247,,,,,,,,,,,,,,,,,,,,,,,,,,,,,,,,
tradable_exposure_model,USO_YoY,uso_gm2_ci_sp500,14,60,59,32.77685408465141,24.247153917667315,0.21022230111824702,0.46551724137931033,0.6949152542372882,36.03967740663867,25.599599193372953,0.09053419888231932,0.05283072072689907,,,,,,,,,,,,,,,,,,,,,,,,,,36.03967740663867,25.599599193372953,0.09053419888231932,0.05283072072689907,,,,,,,,,,,,,,,,,,,,,,,,,,,,
,USO_YoY,uso_gm2_ci_sp500,14,,,,,,,,,,,,uso_tradable_exposure,USO_YoY_t = alpha + GM2_YoY_lag + CI_zscore + CI_monthly_change + SP500_return_context,119,96,23,0.4866152079748094,0.39562276152085996,40.15868326548261,30.97533272673252,-0.2829408930939563,8,2017-02;2020-03;2020-04;2021-04;2021-10;2026-03;2026-04;2026-05,0.29679561660346654,-3.8941035760432063,6.549109191935887,-0.594600496329811,0.5532888373676093,,,,,2.445631690510384,0.7046614937400832,3.470647555225238,0.0007340904183175123,,,,,-16.800203828169433,4.7795638947951495,-3.5150076864679063,0.0006318878670406036,-5.1942939549576295e-05,0.00031357164251176337,-0.16564935251639568,0.8687263141177248,1.2298727032800252,0.8495385160986874,1.4476950485163829,0.15044689659266042,,,,,,,,,,,,,,,,
tradable_exposure_model,USO_YoY,uso_gm2_only,15,60,171,36.45928939593409,26.68514377318004,0.18432449938333362,0.5058823529411764,0.6257309941520468,,,,,,,,,,,,,,,,,,,,,,,,,,,,,,,,,,,,,,,,,,,,,,,,,,,,,,,,,,,,,
,USO_YoY,uso_gm2_only,15,,,,,,,,,,,,uso_tradable_exposure,USO_YoY_t = alpha + GM2_YoY_lag,231,185,46,0.05180129370146458,0.021964428269384384,36.114675998567115,24.800061510699674,-0.6530559938484379,20,2008-05;2008-06;2009-01;2009-02;2009-03;2009-04;2009-05;2009-06;2009-07;2009-08;2009-09;2021-04;2021-10;2022-01;2022-02;2022-03;2022-04;2022-05;2026-04;2026-05,0.070562452718291,-7.5676745398659095,8.866637123439272,-0.8534999723695121,0.39427397631374106,,,,,1.1415196490871584,1.2666671728697474,0.90119936281363,0.36842914188844,,,,,,,,,,,,,,,,,,,,,,,,,,,,,,,,
tradable_exposure_model,USO_YoY,uso_gm2_ci_sp500,15,60,59,34.1956815315152,25.458989918869776,0.14036743672803742,0.4482758620689655,0.6949152542372882,37.02493796542593,26.145034727740267,0.0764148865435697,0.02623996548540009,,,,,,,,,,,,,,,,,,,,,,,,,,37.02493796542593,26.145034727740267,0.0764148865435697,0.02623996548540009,,,,,,,,,,,,,,,,,,,,,,,,,,,,
,USO_YoY,uso_gm2_ci_sp500,15,,,,,,,,,,,,uso_tradable_exposure,USO_YoY_t = alpha + GM2_YoY_lag + CI_zscore + CI_monthly_change + SP500_return_context,119,96,23,0.4690140918552955,0.37377996458147944,41.19391312013962,32.83535840855212,-0.34993798085812244,8,2017-02;2020-03;2020-04;2021-04;2021-10;2026-03;2026-04;2026-05,0.3111209967465903,-1.8405125638531292,7.075495134677598,-0.2601249140618615,0.7952366581229662,,,,,2.111483650143482,0.7495827954132319,2.816878486357812,0.005716842871492656,,,,,-17.08400545887379,4.8628490862236635,-3.5131679301486805,0.0006358454992052565,-8.352217167084675e-05,0.00032372692822957885,-0.258001928130041,0.7968706037931366,1.295841726246933,0.8446180370894953,1.5342340198089166,0.12774276611565583,,,,,,,,,,,,,,,,
tradable_exposure_model,USO_YoY,uso_gm2_only,16,60,171,36.670089219467386,27.295470794070237,0.17486510909268038,0.4588235294117647,0.6140350877192983,,,,,,,,,,,,,,,,,,,,,,,,,,,,,,,,,,,,,,,,,,,,,,,,,,,,,,,,,,,,,
,USO_YoY,uso_gm2_only,16,,,,,,,,,,,,uso_tradable_exposure,USO_YoY_t = alpha + GM2_YoY_lag,231,185,46,0.049530063547210235,0.021120531920519214,35.82788663749347,24.301338825652444,-0.6269061524761919,20,2008-05;2008-06;2009-02;2009-03;2009-04;2009-05;2009-06;2009-07;2009-08;2009-09;2009-10;2021-04;2021-10;2022-01;2022-03;2022-04;2022-05;2022-06;2026-04;2026-05,0.06395379985767363,-7.352685599810342,8.633513498944744,-0.8516446520537723,0.39530106216534944,,,,,1.115175377610236,1.1951423122869582,0.933090031325473,0.35175625077953265,,,,,,,,,,,,,,,,,,,,,,,,,,,,,,,,
tradable_exposure_model,USO_YoY,uso_gm2_ci_sp500,16,60,59,34.626546222848305,26.10016669681477,0.11856826648203866,0.43103448275862066,0.6610169491525424,37.701284006965345,27.710493082558322,0.08155525375605191,0.05811251286456289,,,,,,,,,,,,,,,,,,,,,,,,,,37.701284006965345,27.710493082558322,0.08155525375605191,0.05811251286456289,,,,,,,,,,,,,,,,,,,,,,,,,,,,
,USO_YoY,uso_gm2_ci_sp500,16,,,,,,,,,,,,uso_tradable_exposure,USO_YoY_t = alpha + GM2_YoY_lag + CI_zscore + CI_monthly_change + SP500_return_context,119,96,23,0.4582826681697383,0.3630051833186563,41.748387403306914,33.99077084486508,-0.3865231615375657,7,2017-02;2020-03;2020-04;2021-04;2021-10;2026-04;2026-05,0.31930770360480126,-0.5458586162558635,7.2772714165546155,-0.07500869282051559,0.9403392629586476,,,,,1.91187672303283,0.7589346171131338,2.5191586731216766,0.013149315021761199,,,,,-17.23398845031062,4.91664422907195,-3.5052339863044457,0.0006531818954980118,-0.00011095159941776345,0.00032945718930062277,-0.3367709159824175,0.7369087740756672,1.269048555928933,0.8484519921226013,1.4957222891941253,0.137489302847158,,,,,,,,,,,,,,,,
tradable_exposure_model,USO_YoY,uso_gm2_only,17,60,171,36.63696894129785,27.480743287530654,0.17635495305600923,0.4647058823529412,0.5847953216374269,,,,,,,,,,,,,,,,,,,,,,,,,,,,,,,,,,,,,,,,,,,,,,,,,,,,,,,,,,,,,
,USO_YoY,uso_gm2_only,17,,,,,,,,,,,,uso_tradable_exposure,USO_YoY_t = alpha + GM2_YoY_lag,231,185,46,0.04812225303926587,0.02353316598673938,35.060566603448905,23.93330754471896,-0.557966013202617,20,2008-05;2008-06;2009-02;2009-03;2009-04;2009-05;2009-06;2009-07;2009-08;2009-09;2009-10;2021-04;2021-10;2022-01;2022-03;2022-04;2022-05;2022-06;2026-04;2026-05,0.062033399788825105,-7.768377071965255,8.271573263111314,-0.9391656006493758,0.3486352574125202,,,,,1.17444625213289,1.1091984250962275,1.0588243055168438,0.2907953657872855,,,,,,,,,,,,,,,,,,,,,,,,,,,,,,,,
tradable_exposure_model,USO_YoY,uso_gm2_ci_sp500,17,60,59,34.328234976673585,26.26042457582235,0.133690096151436,0.4827586206896552,0.6779661016949152,37.749619042216466,28.183241707299167,0.09063360511576687,0.06822554876569892,,,,,,,,,,,,,,,,,,,,,,,,,,37.749619042216466,28.183241707299167,0.09063360511576687,0.06822554876569892,,,,,,,,,,,,,,,,,,,,,,,,,,,,
,USO_YoY,uso_gm2_ci_sp500,17,,,,,,,,,,,,uso_tradable_exposure,USO_YoY_t = alpha + GM2_YoY_lag + CI_zscore + CI_monthly_change + SP500_return_context,119,96,23,0.45065413945372723,0.36101814217223593,41.964150266968026,34.839431980104735,-0.4008917770595768,7,2017-02;2020-03;2020-04;2021-04;2021-10;2026-04;2026-05,0.33783368049748363,-0.1285919731415611,7.189882943681218,-0.01788512749773949,0.9857617584024811,,,,,1.8614755873832391,0.7345521539127118,2.534163949377571,0.012628632471236134,,,,,-17.157753561087393,4.958177647918079,-3.460495928033533,0.0007595730478417995,-0.0001261702470998216,0.0003303597908511209,-0.38191768669777726,0.7032334095865305,1.2090127654787222,0.8787446738478317,1.3758407890937403,0.17156798034066378,,,,,,,,,,,,,,,,
tradable_exposure_model,USO_YoY,uso_gm2_only,18,60,171,36.61746887872222,27.777534572452147,0.17723149148937,0.5117647058823529,0.5906432748538012,,,,,,,,,,,,,,,,,,,,,,,,,,,,,,,,,,,,,,,,,,,,,,,,,,,,,,,,,,,,,
,USO_YoY,uso_gm2_only,18,,,,,,,,,,,,uso_tradable_exposure,USO_YoY_t = alpha + GM2_YoY_lag,231,185,46,0.04498850076071925,0.0253099901235182,34.15745906398793,23.450210541839056,-0.47873799471431755,16,2008-05;2008-06;2009-04;2009-05;2009-06;2009-07;2009-08;2009-09;2009-10;2021-04;2021-10;2022-03;2022-04;2022-05;2022-06;2026-04,0.05488360168427243,-8.1036770442344,7.979070676007946,-1.0156166517738876,0.3108837984331956,,,,,1.2193279083110713,1.0176292238053755,1.1982044931369535,0.23207601485803653,,,,,,,,,,,,,,,,,,,,,,,,,,,,,,,,
tradable_exposure_model,USO_YoY,uso_gm2_ci_sp500,18,60,59,34.69759615053834,27.15136907485594,0.1149473502596664,0.4482758620689655,0.6949152542372882,38.02369326438173,28.98586457284496,0.08747433056323,0.06328931446494251,,,,,,,,,,,,,,,,,,,,,,,,,,38.02369326438173,28.98586457284496,0.08747433056323,0.06328931446494251,,,,,,,,,,,,,,,,,,,,,,,,,,,,
,USO_YoY,uso_gm2_ci_sp500,18,,,,,,,,,,,,uso_tradable_exposure,USO_YoY_t = alpha + GM2_YoY_lag + CI_zscore + CI_monthly_change + SP500_return_context,119,96,23,0.44303126111033797,0.35424976636642924,43.31716912065212,37.14809858295474,-0.4926839135079517,6,2017-02;2020-03;2020-04;2021-04;2021-10;2026-04,0.3692657048229493,0.9190191764453116,7.170074072001599,0.12817429321044072,0.8982368821014219,,,,,1.7140558001773467,0.7059464071098448,2.4280253896251374,0.016745191291963613,,,,,-17.23496789408525,5.009593485180917,-3.440392507908818,0.0008125114066892536,-0.00012271577367806152,0.0003313721601137863,-0.37032614217176085,0.7118266569084466,1.075124326984364,0.9061348966785825,1.1864947823168588,0.2378937725961383,,,,,,,,,,,,,,,,
,USO_tracking_residual,uso_tracking_residual_ci_regime,0,,,,,,,,,,,,uso_tracking_residual,USO_tracking_residual_t = alpha + CI_zscore + CI_monthly_change + financial_crisis_2008_2009 + shale_regime_2014_2017 + covid_2020_2021 + war_spr_2022_2023,231,185,46,0.2078593611770445,0.2829012585089703,22.882846464278764,18.488431831813067,-2.9201850555384183,14,2008-06;2009-11;2009-12;2015-08;2017-02;2020-04;2021-02;2021-03;2021-04;2021-07;2021-09;2021-10;2021-12;2026-04,0.8355431544212046,-2.7944836140245393,2.9770327771626697,-0.93868083531411,0.3489056792497647,,,,,,,,,,,,,-0.6206641725314804,0.8151090084047896,-0.7614492860852468,0.4471896628506413,1.6507852830360825e-05,0.00010504782864906161,0.15714606425145075,0.8752712877351956,,,,,-8.62356250755862,5.784398431038142,-1.4908313475237087,0.13741260655145293,-6.1536646749268415,5.797221241391124,-1.061485221745683,0.28961255725948476,-29.666122930359236,11.333632554344574,-2.6175299744464704,0.009460497492178366,16.54713955840713,3.740646059636606,4.423604718168563,1.5148598311309769e-05
tracking_residual_model,USO_tracking_residual,uso_tracking_residual_ci_regime,0,60,171,18.066030727100195,12.073247148528791,0.36972180192790893,0.4588235294117647,0.8128654970760234,,,,,,,,,,,,,,,,,,,,,,,,,,,,,,,,,,,,,,,,,,,,,,,,,,,,,,,,,,,,,
